FLCSX,mg_average,PRCOX,HAIAX,DFUSX,VPMCX,PRBLX,DGAGX,TISCX,VDIGX,DFELX,MRGAX,BRLIX
10000.0,264053.8124681276,10000.0,10000.0,10000.0,10000.0,10000.0,10000.0,10000.0,10000.0,10000.0,10000.0,10000.0
10598.948658554365,264053.8124681276,9946.490922149642,9976.817953751688,9816.681748802457,11538.338472541705,10017.20457525072,9453.522084295748,9748.134338840278,9564.629222510846,9845.558123712732,9660.194185732611,9882.90554029966
10771.443949534601,264053.8124681276,10996.657395860064,11043.27588214732,10751.606673879662,11922.514498549612,10825.449628468612,10212.767620308494,10755.59548524195,9946.411764558734,10702.698880276808,10661.406716102394,10843.091257162858
10210.826270679036,264053.8124681276,10628.763625759175,10602.781363935008,10439.311959572808,11871.284564346708,10856.247196271326,10313.142479418531,10447.759427451647,10141.819315928211,10362.931782778209,10418.691507222955,10632.319225689587
9798.757734746157,264053.8124681276,10354.516212701204,10340.032562939106,10228.141204089847,11304.021466842862,11037.254697501436,10428.441081394616,10289.177760676233,10384.447012233779,10123.549825016951,10394.417160187402,10105.38664199059
10023.959593396154,264053.8124681276,10709.031273654033,10610.509354837497,10430.124380368545,11752.557429277202,11028.626273422335,10611.557073029258,10550.373694070899,9850.668649503044,10223.934964754293,10570.387806235702,10269.32364510113
10064.364516574951,264053.8124681276,10622.075422933522,10633.849370736565,10283.231775602582,11562.91727137206,10880.245891756793,10419.399641619248,10419.774603695658,9860.49223534445,10069.496957954249,10612.86480478555,10000.0
10801.387558944154,264053.8124681276,11337.794899413208,11350.562492360386,10925.925694210153,12420.406910921904,11377.552004075385,10747.194677207794,10988.8028492876,10551.842131933125,10710.423344152097,11419.901776674651,10409.836245236791
10079.303128100044,264053.8124681276,10675.587956029012,10665.010810807165,10319.956408555467,11338.653809524827,10728.890706447299,10401.312995586624,10410.445829697923,11201.296767418256,10015.444090891548,11007.28083451391,9882.90554029966
9755.608281824381,264053.8124681276,10581.940447237717,10618.269132316054,10274.044854958938,11068.213069064683,10745.670988617812,10857.968792814307,10335.820881546295,10966.369734755746,9969.109883473295,11007.28083451391,9742.390435148178
8784.530465666698,264053.8124681276,9692.308117568633,9387.390804682953,9466.079221813161,10199.178493583891,10198.397407698265,10414.875155249676,9561.564851834453,10783.590866106959,9196.910175755012,10418.691507222955,9039.812404374934
8839.308455815466,264053.8124681276,8869.565878394722,9910.908969892429,9484.439891888054,9956.774280808011,9329.712653790966,9707.28503510832,9440.297531931368,11008.548953605565,8061.774815771295,10722.088627084622,8793.91065723286
9033.521329979281,264053.8124681276,10244.397550369413,10397.136665227923,9814.969491191456,10991.092897045959,10862.046773526066,10355.093554702029,9850.064660172458,10714.230806129675,8347.488078835386,10910.194750962133,9366.632425187858
8176.5078842205085,264053.8124681276,9303.660417587107,9554.340644791659,8924.368988617505,9663.194366268475,10562.105509265746,9925.954732537413,8907.472690319388,10685.09944572124,7583.007030761553,10121.359300128284,8502.20281697797
7593.538170265886,264053.8124681276,8681.440450232261,9035.700274164035,8336.757080234614,9351.361949107293,10198.233800286536,9276.183875879356,8379.622745368368,10240.794816662343,7034.749543086112,9532.767711919243,8064.0655292099555
8226.334628427563,264053.8124681276,9407.3644173328,9765.040372322908,8988.644505092025,10158.420350377713,10888.732432229872,9884.92079559397,8945.175829748114,11175.4768952033,7575.289338488909,10175.972906966386,8620.616793763864
8211.388453899506,264053.8124681276,9518.473583268875,9846.079766389857,9043.73178380166,10038.368629064742,11002.66904107863,9938.303143411624,8982.878969176842,10925.955110472072,7621.620643791742,10206.311036309891,8585.093164356655
8071.873738186484,264053.8124681276,9303.660417587107,9619.173701212543,8805.008827675825,9821.220298906197,10997.72348093573,9635.00907251325,8737.807813771513,10260.566388881622,7343.626524058005,9781.553485860895,8561.410118497894
7847.6542295884,264053.8124681276,9214.770781341493,9432.784924994758,8713.197574573924,9623.487181998644,11226.731767481417,9567.074921916123,8718.954745819938,9759.272792324866,7289.574140681206,9648.056446985314,8608.774957707505
7299.563404645449,264053.8124681276,8629.589890044886,8873.627265407604,8162.3122748257765,9162.703727034,10963.092340294726,9123.048138463408,8191.105549987524,9561.347482271742,6841.698406941783,9192.961897651856,7945.652804931975
6537.21984851305,264053.8124681276,7955.516483131724,8136.182553581331,7482.881869174167,7692.081028523141,10401.012628048256,8793.068543379042,7568.9955091088705,8967.568847752877,6262.547416938313,8513.348573428515,7495.673054853646
6796.31656545548,264053.8124681276,8155.518164684355,8395.502257280354,7620.605334433218,8055.76294442046,10923.977949251017,8902.251320387308,7729.234975358867,8966.036828102731,6401.543267590423,8707.524697138717,7649.6131660625715
7284.6155494500645,264053.8124681276,8748.10825329066,8987.075481848373,8208.217242816108,8973.800637280463,11209.081854213711,9309.877881240944,8275.937239142855,8919.97685338714,6880.307183112939,9362.864239556027,8229.846223967328
7254.718158391971,264053.8124681276,8822.18122253944,9068.115839144899,8244.941875768993,9095.616556276264,11484.394432623072,9224.955014081934,8257.085669428492,9119.563316255979,6942.081128249608,9478.152409392576,7993.017644141585
7199.177985610967,264053.8124681276,8666.563316445632,8857.41996453196,8125.586324751652,9094.494930828167,11756.205405100098,9307.041720378267,8143.974752905101,8872.676253756272,6841.698406941783,9144.417725416924,8159.298089555944
7044.302390707254,264053.8124681276,8481.220512362177,8598.098334373783,7969.502189417708,8939.688432993109,11534.19761494337,9285.041699662617,7974.309876357225,8864.939757349994,6718.1471308671225,9280.557777535609,7979.576355481284
7309.088586714241,264053.8124681276,8851.902665283955,8914.145517596711,8244.941875768993,9290.228021112525,11756.205405100098,9529.455300805368,8304.216466510916,9398.693780845333,6888.029712244615,9564.592394904614,8099.389383605159
6889.428476470867,264053.8124681276,8347.776066023745,8290.154801588675,7739.962861132418,8658.543359410372,11646.392924990956,9049.465206652738,7870.6236210131065,9234.583105744581,6501.928407327764,9076.790274073011,7596.173663478554
6824.479087666549,264053.8124681276,8288.466207472267,8209.115407521726,7684.87558242278,8529.000139525275,11603.811550330256,9100.816479111563,7814.068911870017,8985.2127651447,6463.3191474707055,8971.824890989834,7608.155780421084
6359.855244123231,264053.8124681276,7695.374532447747,7520.295488011115,7115.625661236022,7676.953464787288,11083.392666477668,8457.743368873229,7220.237349240817,8525.430410644143,5992.276310022156,8317.306627067439,7104.938807786566
5880.244890036038,264053.8124681276,7035.558042820162,7001.65559899828,6564.741020048496,7087.923438257765,10667.814905572048,8082.648853718319,6645.256607207375,7588.517235525305,5559.844183488376,7656.613795850853,6721.534863275923
5860.258814364832,264053.8124681276,7094.867901371641,7042.174814416965,6601.463677319522,7030.979377046761,10683.534115607576,8112.039653521331,6701.812814587676,7808.930646903749,5606.177907220725,7724.538557923139,6757.480587849558
5295.71803780409,264053.8124681276,6316.4345740120425,6272.315019224618,5866.950602882613,6342.295599990732,9672.290281095184,7257.23753035549,6042.001132517508,6911.532220448838,4972.971631725036,6983.575221423012,6134.4493345832525
5680.406402166044,264053.8124681276,6850.216966359273,6831.47797657445,6381.109952556635,6844.127670392983,10893.098238307975,7869.5596700185215,6541.572599219074,7251.476969032312,5420.849783893976,7440.5005491770025,6721.534863275923
5975.167720094941,264053.8124681276,7287.621630387361,7220.457532122984,6775.911116970838,7495.440777436807,11886.724745261223,8049.969915225909,6937.460807050944,7458.661329883653,5737.450261369352,7718.362860169903,7200.790733295161
5570.494120395444,264053.8124681276,6842.803737930253,6790.957797926186,6316.8403631276915,6879.880816819419,11168.697978274022,7654.954006548029,6456.740160945136,7004.447927659466,5374.51654384753,7421.97797775347,6529.834143528514
5429.362602715034,264053.8124681276,6723.242466529041,6564.053177593238,6151.5719413925835,6787.109655855731,11154.433584351907,7462.636970467957,6305.926104993018,6757.418886286619,5235.521176881323,7131.767097401707,6460.0080799285415
5409.308880183966,264053.8124681276,6611.685846348474,6458.702832212824,6059.7600297300605,6719.3088354997,11000.616820308282,7296.747925374694,6202.242097004717,6653.827043905885,5166.0227678693645,7014.447492664451,6387.014423818492
5444.4020542796725,264053.8124681276,6671.183439885415,6499.2230108610875,6096.482028440468,6857.244936210326,11080.170754543806,7393.312046433189,6268.221092767777,6621.954139066143,5189.189387892588,7113.243395519131,6435.676234971235
5820.397166899089,264053.8124681276,7236.411442297637,7001.65559899828,6621.806614859459,7404.6786818361925,11755.534682598905,7892.269672570314,6777.220591682341,7131.946984007027,5646.431215463013,7687.488328010378,7056.129826954133
6096.128288698311,264053.8124681276,7615.708673079909,7382.533430568148,6971.780216457022,7941.377691305341,12059.834964248046,8258.77331334587,7210.8119389429385,7641.9378006782945,5956.676060169366,8199.987587559704,7323.774485198895
6106.152628962856,264053.8124681276,7779.327775149232,7447.362152455932,7036.24605695061,8014.728708796288,12065.176304976163,8352.87603848968,7286.218217800391,7729.594204773965,6010.967384382382,8323.481194361631,7469.7649286887745
6266.626526728703,264053.8124681276,7950.3825647409285,7544.609329013313,7183.131417549758,8306.33571293225,12234.847373972056,8315.735702199343,7427.606863454631,7880.565749300602,6104.963033337471,8446.97536639308,7554.9241941505
6387.1375168224295,264053.8124681276,8076.815166959749,7714.786951437143,7321.803210101056,8676.658637526645,12240.215869457306,8407.361023880438,7568.9955091088705,8057.47480567994,6221.61985054686,8626.040644072256,7640.085338374093
6316.83856392019,264053.8124681276,7995.007055610558,7714.786951437143,7210.866698044885,8513.857785124173,12202.607888565566,8412.310181083034,7503.014640549296,7985.099384873152,6167.179067389732,8551.94527131243,7567.092308517999
6643.22499891807,264053.8124681276,8493.303504586032,8168.597155332617,7656.1425825889355,9163.26659401711,12512.180266312134,8731.769050629991,7974.309876357225,8379.12794277413,6509.694951876639,9008.871729525465,8041.554204503103
6688.417302974319,264053.8124681276,8537.92166083959,8290.154801588675,7721.1043192290945,9245.559390355073,12647.245312817371,8843.204183808082,8059.142314631163,8531.914788607319,6564.263911798134,9052.096526732417,8102.383503769391
6969.61101374912,264053.8124681276,8946.969703949992,8711.550403732861,8073.751676942298,9488.865833711181,12965.990567523562,9197.326927803133,8285.36339855934,8966.153791650602,6907.289117541189,9459.624185673827,8479.520524941096
7162.000784031307,264053.8124681276,9156.849931332763,8846.222420690325,8267.627971993525,9870.719725274897,13246.366150400423,9397.587944998066,8610.506343498899,9195.887778005621,7049.898101890758,9694.263960377863,8642.282675629947
7192.242711891184,264053.8124681276,9321.029358987531,8943.523056489274,8379.605009828689,10113.222542485775,13419.807657424273,9595.407340308231,8725.314762782979,9358.21425193394,7159.316075871745,9836.279008144278,8666.799265504309
7076.3161620953215,264053.8124681276,9164.311533193619,8805.680087761773,8239.633218614268,10019.813739509105,13278.878541116102,9362.53141481301,8658.345806782385,9236.468044307956,7042.07931926433,9669.562299823965,8495.17812635212
6899.915840583662,264053.8124681276,9007.59255565133,8684.055015435273,8127.034499554188,9894.071720593158,13059.278020179243,9379.31109163003,8476.5669332605,9122.84032386598,6901.5656622477445,9478.14958324497,8470.661536477759
7010.795346400241,264053.8124681276,9171.77486267704,8675.946548849563,8239.261131864187,10052.14859885563,13211.570044609834,9394.337471127563,8620.076333687692,9139.071889515017,6987.738175403276,9638.689463353005,8519.695968734397
7136.798337147748,264053.8124681276,9335.956593828565,8870.548783677035,8370.190227210658,10362.90787108259,13260.521925294004,9494.517414799826,8782.718223306414,9285.161389075321,7089.577274965859,9848.629273191706,8605.505285802577
6778.382164422205,264053.8124681276,9037.446449459208,8513.780106824086,8119.496614702063,9901.25834049722,12945.130283093773,9229.0407053114,8447.86370476157,9112.683425717634,6883.627203153013,9453.449618379636,8323.559492215756
6737.943207730062,264053.8124681276,9052.3708049293,8505.670677008799,8147.656666796843,9867.126415322866,13318.289597881494,9279.130206337295,8476.5669332605,9169.941476984583,6930.774002888766,9434.924220808494,8323.559492215756
6773.326296939463,264053.8124681276,9164.311533193619,8594.863809451614,8203.974795304543,10271.297777340997,13367.675954679797,9153.904099721374,8572.240615997232,9317.18235759705,6977.921286310422,9657.215426153667,8274.525686213075
6914.858653777069,264053.8124681276,9291.178920424783,8651.62114909243,8359.175142286962,10479.669491081147,13415.85256704781,9224.033167639518,8706.180775354238,9390.807192487451,7110.155208034758,9928.898648016202,8384.852845663532
7202.979655101854,264053.8124681276,9671.78050624409,9024.605795887222,8698.445158133905,10856.893904421735,13498.492639431532,9514.552273589712,9117.57049449544,9734.372402335945,7370.280519443835,10385.827932376844,8593.247617119352
7390.003474779696,264053.8124681276,9932.982065434971,9324.616169869774,8915.197873428733,11191.007637077832,14079.244641551773,9689.868822851999,9308.914863494485,9938.878095114082,7535.815248236796,10781.008152418435,8801.641762321218
7253.034129731551,264053.8124681276,9775.648630133515,9210.938704789496,8774.051210068917,10763.550837735063,13886.864049165317,9706.546804658008,9080.34828921162,9831.032971348055,7420.508398383445,10540.194375649731,8655.06076135071
7298.840717695368,264053.8124681276,9940.952164204306,9390.584873962855,8964.173051027714,11002.377352927788,14091.590551882422,10046.596089073531,9204.99713050118,10095.620742788842,7563.976892583131,10725.435916311664,8854.599675612975
7176.686455123871,264053.8124681276,9760.620617309489,9210.938704789496,8783.558191173694,10828.682353865352,13943.735614767407,9810.590217128265,9032.403949323325,9930.253216615884,7412.5367710115825,10509.322669637813,8630.118318786184
6983.273998773953,264053.8124681276,9580.284463421163,9047.62505633689,8639.950486778374,10499.391199784253,13749.160918004582,9716.163574541972,8821.456644648322,9864.109992249982,7285.010564183814,10243.810623692341,8405.63570945148
7232.675366080856,264053.8124681276,9925.92760662541,9374.255242930834,8906.68005037462,11063.89337310817,14034.769222581026,9964.90580499605,9176.232474276578,10029.474814063455,7516.1568020700215,10645.165411028125,8704.94502022581
7247.943388401799,264053.8124681276,9948.468474113073,9480.408921779112,8887.62591596727,10940.86215445103,14029.062650369468,9883.681623052376,9243.352003116934,9839.30357875328,7508.182272582739,10799.532984760055,8555.290364838645
7579.5407324432235,264053.8124681276,10309.139630141348,9823.372592323389,9257.470267140507,11617.539198138875,14646.814366821665,10109.58390732948,9713.190203236627,10246.17716813402,7795.609718488033,11194.71094388356,8804.717921753701
7548.912251098421,264053.8124681276,10166.372356564712,9798.871884783102,9171.397052717317,11588.592222838135,14434.540199359364,10119.736459262203,9617.30601817167,10196.074175983355,7715.738665280359,11040.34337015163,8692.473798943547
7650.991782797278,264053.8124681276,10241.512420684849,9896.861229730159,9200.087904671507,11722.479789788493,14302.592518973028,10216.18852748449,9713.190203236627,10262.88064451377,7715.738665280359,11163.836976953557,8692.473798943547
7584.641557776931,264053.8124681276,10098.748602353346,9619.227642068898,9091.078340988333,11566.877882844456,14120.96928362492,10033.43694297264,9607.715052661915,10112.568287612417,7602.633553658712,11003.297096845521,8692.473798943547
7941.9253808917365,264053.8124681276,10466.93146129688,9978.519017186038,9437.033405684999,12013.779476768714,14155.531858504162,10272.029446355411,9981.669067716652,10446.59386936578,7891.951244074002,11281.159407838422,9029.199904834448
7967.44631423353,264053.8124681276,10406.81941000077,9945.85397574453,9379.37510631638,11816.564033144896,14279.862629514613,10089.274095361672,9818.664604692734,10371.435662645488,7779.436229254349,10929.201158856175,8829.660364318228
8269.404249651367,264053.8124681276,10700.501425173443,10205.78629345502,9690.533803554397,12840.989337738103,15062.248207514482,10356.173593383799,10291.945753924576,10748.567382463298,8103.929493299354,11750.4626968864,9035.32717354117
8207.922077540108,264053.8124681276,10730.707178110517,10197.609437569286,9709.875728952518,12824.133731278922,15159.424221391648,10299.583144616898,10311.38088703284,10875.022556048358,8103.929493299354,11660.074583165837,9035.32717354117
8402.61730322642,264053.8124681276,10896.842274509552,10295.742303723431,9806.586673064365,13069.492790290224,15293.040561603824,10384.47117181843,10447.442550281403,11018.33332623439,8177.303193768346,11795.658449435245,9161.872431693384
8479.470858699155,264053.8124681276,11047.871039194919,10393.874206647999,9967.874095853893,13301.737459446873,15599.9965785006,10595.820711695585,10525.18757742609,11136.360363474028,8303.625506382865,11892.50035383368,9313.727117228414
8120.822333715825,264053.8124681276,10715.604301641979,10099.479461103874,9676.9806260027,12696.775421332643,15148.871882769654,10405.23296161296,10175.32371849591,10908.742538418639,8058.197958516582,11440.557524312782,9047.98188723258
8105.452631021673,264053.8124681276,10715.604301641979,10107.653427300875,9647.890686313023,12696.775421332643,15161.068441936068,10487.648293454136,10214.195482949648,10807.583943487542,8066.378538198659,11440.557524312782,9123.907038111247
8079.573715539492,264053.8124681276,10791.11983573304,10115.831246416185,9754.451063051845,12518.842896676193,15232.451509750186,10819.898135497304,10194.760349841386,11191.549579732395,8115.464918406542,11421.19163044299,9187.181232822246
8274.634486369157,264053.8124681276,11047.871039194919,10336.627546381671,9988.319110289873,12781.055097035804,15758.338682820488,11049.122456800807,10408.567040234637,11472.615013535658,8303.625506382865,11731.093411639476,9465.579297747621
8449.160023478922,264053.8124681276,11319.725119125336,10541.073024264428,10192.957602986862,13166.88849925529,16033.510056492756,11103.207253490822,10661.250738911865,11677.026729821575,8516.33218657855,12060.364478082885,9769.289295071638
8767.415389954735,264053.8124681276,11682.197609615348,10786.404708035001,10573.146624373026,13490.905137767651,16582.594180844164,11419.99662899871,11088.865617935578,12017.716529444086,8786.29953874745,12473.567606650897,10098.306841016603
8988.140791182546,264053.8124681276,11969.158021259433,10966.315765342248,10768.949209236629,13829.91129380687,15999.566610076152,11620.897006494357,11292.95399265609,12213.608161161977,8958.099934731425,12809.294724690264,10250.160274043721
8993.276910530096,264053.8124681276,11999.36262244813,11056.271775610661,10857.055400292573,12914.03632488781,16015.475224542686,11278.347719724783,11088.865617935578,12409.501145059612,8647.221461491783,12047.451244431923,10199.540166770175
9204.722507118677,264053.8124681276,12325.785388735809,11310.86587500112,11090.695585556212,14035.342130273222,17209.2770969175,11897.01496894065,11537.34419924877,12666.234104366507,9151.594610849055,13303.74959699135,10444.307767997709
9117.060580073925,264053.8124681276,12066.616665430458,11006.05765449167,10874.007409202108,13776.312388053153,17209.2770969175,11574.005248592513,11330.087052825822,12417.03008187516,8972.31933291588,13130.341701594083,10110.706043093913
9163.470527607691,264053.8124681276,12188.578756323675,11310.86587500112,10952.800894536062,13756.38689685105,17269.916385071836,11745.009176091504,11399.17451624355,12520.148661345434,9074.763039857557,13262.131747314368,10174.859498359308
9653.35564139097,264053.8124681276,12722.16304795005,11813.387561874257,11483.145029997766,14395.989494683496,18049.313582049184,12240.407006032963,11853.167359613863,13095.885161537815,9467.460853123262,13817.032264657644,10675.261459461046
10045.267093752245,264053.8124681276,13217.632530534001,12348.863259062233,11878.434187831104,14963.857366055325,18792.354632438637,12617.91489445847,12247.945373671972,13551.320934250734,9791.868021077484,14351.123291932909,11008.864436872755
9988.542890840237,264053.8124681276,13011.820854293235,12093.482201106732,11631.380439867127,14947.916315730743,18501.88698407319,12479.398756496004,11971.60001471269,13284.936115929942,9621.127864593485,14108.353821019393,10931.88029055428
9822.957663569898,264053.8124681276,12615.443195078995,11566.244043267887,11319.870729818855,14702.836635951933,17914.549953348127,12207.811871762591,11557.08497274819,13057.802371222966,9330.874725641264,13685.241088478315,10765.077549340513
9859.14831342933,264053.8124681276,12767.8966725068,11731.006389005466,11488.672987838823,14838.328990081873,18158.1023278144,12389.778144800513,11695.255404872012,13161.840432919276,9458.925731674084,13754.606055371692,11073.017892138152
10370.973698816852,264053.8124681276,13293.857541625339,12118.194819154129,11866.004514696473,15505.826782575085,18685.78986128264,12941.09598973257,12090.031171574305,13621.381423335499,9578.445485744955,14330.312671405853,11393.788925988869
10743.214620797335,264053.8124681276,13522.537181892858,12282.958128121285,12108.742056359486,15922.261249492392,19424.198310105152,12992.7024413394,12346.63875350859,13716.75877377039,9967.440199735192,14725.683939025752,11470.77682983108
10174.516293439474,264053.8124681276,12912.727879175147,11986.38648373139,11600.05929679819,15354.393378120563,17662.666499393363,12764.563808440498,11843.298471101365,13456.645365103068,9547.755615182205,14059.80173557116,11047.357762539905
9993.567245810622,264053.8124681276,12333.408811243646,11994.624023080522,11450.443543870115,14356.138512279293,18361.657102761204,12139.920094086718,11448.523453517677,13187.856371197138,8647.19147296578,13026.297642631147,10829.232257113821
9456.404960153479,264053.8124681276,12023.613836275745,11229.969038911682,10834.196102625083,14555.27016875656,18033.908688327472,11854.969731609917,10904.285040828088,12661.51229269986,8382.163521241115,13001.333715579218,10528.800699250116
8943.67705641202,264053.8124681276,11659.741971507588,10899.919387316637,10482.760496451972,14400.265640347883,17913.127044074343,11687.799141053805,10624.434555912378,12485.411163717665,8110.897956107827,12620.697981587988,10034.853537674153
8874.961292130653,264053.8124681276,11612.278420888479,10520.362625112686,10402.432564874312,14255.884096402928,17845.18448398901,11758.637249187617,10584.454845040696,12591.070488927237,8074.7269568891725,12449.040036789658,10060.852470662663
9461.689818559356,264053.8124681276,12300.472262904535,10982.43348586716,10946.499127966956,14960.821992864654,18867.031572293025,12183.064202508665,11094.190352985437,13040.122621067922,8454.502617563003,13165.530630692143,10346.81944090176
9509.26362821622,264053.8124681276,12482.40934703699,11337.234284692711,11087.613521856409,15619.04603824636,19298.421548277354,12350.464548460028,11364.049093937301,13286.665553822739,8572.051835263934,13561.092945890352,10346.81944090176
8409.80551737873,264053.8124681276,11469.896983018161,10503.85768629751,10109.89203491346,14793.081058268812,18307.001365341188,11550.362100152637,10474.51419845695,12309.311386915215,7758.249335633228,12486.35535934806,9371.930533656672
8320.237713586557,264053.8124681276,11343.33135386179,10355.334428011642,10076.337712783406,14718.766182425765,18734.10088969846,11354.597320713108,10404.549517151858,12483.005635952783,7779.328367297919,12232.598956993268,9475.920003071149
8373.200583023496,264053.8124681276,11477.804887375134,10454.353465377339,10218.11791145929,14767.601672265482,19143.6720183262,11479.43359645348,10614.439066355502,12758.621785387035,7898.166607931075,12501.284201473123,9579.906341215845
7340.45320034773,264053.8124681276,10417.827820988818,9488.9518049044,9266.181048456167,13325.874181726987,18165.263037270448,10551.658711543043,9714.910179555489,12020.671042185102,7130.289601130355,11217.56882573793,9033.968828710336
5857.53403246293,264053.8124681276,8669.65864020901,7681.926374391347,7758.73579015519,11155.855156001255,15404.580084266641,8968.484904411398,7965.826857265413,10242.46273037678,5947.17501797135,9060.632057738421,7825.108312187346
5200.811174084782,264053.8124681276,8036.8368290432245,7211.604489073654,7208.90418739843,10043.242974968114,14317.290031271417,8523.04192376829,7306.173239221063,9877.931297505032,5542.7308925446305,8336.678173232447,7279.169547173925
5306.733551624008,264053.8124681276,7973.554014465039,7434.388894887668,7208.90418739843,9457.208879855261,14667.043303148104,8009.500950565867,7226.214566596307,9851.256847691759,5046.3661306878685,8635.214319208171,7071.194365868708
4899.31794318252,264053.8124681276,7555.479143449339,7030.926219407708,6681.341153433364,9740.2192206667,13929.344951224624,7863.315313856228,6788.292564675717,9363.259234559444,5086.316651554707,8107.240205815895,6574.905640750795
4491.933427086559,264053.8124681276,6773.321061838292,6400.051783222101,5971.001205100078,8891.215314452009,12517.331523740317,7093.056584799045,6092.056863196185,8508.785754083263,4530.158638335184,7370.2193452290785,6035.979667538057
5049.404056374624,264053.8124681276,7386.145641807177,6864.907340685922,6454.856887862471,9824.18664899237,13051.604085813377,7599.489265055805,6644.949468579007,9138.39918009229,4924.525167967186,7956.826977817228,6588.378868362858
5928.495168291522,264053.8124681276,8087.667516042704,7321.461304033688,7119.119983883705,10682.522643275943,14523.67840512508,7990.525414807359,7392.37881189939,9669.072938130408,5430.93850446447,8799.139358921198,7113.832866471446
6330.517515284619,264053.8124681276,8579.541240193439,7819.519866658203,7523.261513565921,11128.015015483361,15098.799868353737,8642.997780600546,7750.73467934465,10199.75142879763,5755.781473417542,9295.501315628235,7571.920100265763
6319.797378747206,264053.8124681276,8619.856464510256,7844.423204162,7492.172842395709,11211.98244380903,15367.185268218398,8594.444062565031,7832.644805937454,9983.88066526973,5776.082738149768,9400.79000999778,7625.813636967971
7002.03360746418,264053.8124681276,9248.807825254895,8342.479358712571,8105.814359268922,12175.27382040747,16375.8894540699,9198.360827081759,8457.20895936863,10614.86249717986,6232.890699464957,10130.291057028946,8164.73961018071
7394.6211082572445,264053.8124681276,9555.221266987714,8599.810956563066,8397.54024974331,12361.871209789317,16614.553972252183,9398.656684234165,8743.894402443446,10924.65498964805,6476.522805258285,10438.636196122887,8461.14999139214
7701.160542805126,264053.8124681276,9918.07844143567,8915.246489004108,8668.427965091809,12851.679701899073,17253.577367704736,9741.582619192674,9132.96563096275,11298.222363660225,6699.849776832161,10882.352675186106,8690.19486079721
7432.264695019804,264053.8124681276,9708.42568435737,8666.217930114033,8544.980118384174,12550.796485540728,17365.434601026016,9844.766332171688,8948.667471569639,11289.110700454123,6608.917310702509,10611.608864788506,8663.247153065171
7889.386879954554,264053.8124681276,10313.188025686753,9164.276974353339,9058.094990915486,13427.789260629435,18354.215341568826,10318.190506770723,9470.845090437719,12036.250857197447,7027.074898858859,11175.657056709704,9161.754695949634
8061.480491443933,264053.8124681276,10385.759690926021,9272.190473640212,9173.289755938093,13861.620836694787,18887.2279229109,10172.521819700396,9644.905045845684,11999.810965271765,7118.863489037308,11461.441624677649,9107.862411755337
7848.7861590323055,264053.8124681276,10123.4950679831,9067.048580772724,8906.52594718963,13299.93957191542,18294.082489635028,10038.81547911062,9478.222410467404,11812.642245083525,6902.303766936141,11123.723768263131,8977.655446721663
8123.708879847833,264053.8124681276,10417.16671742038,9310.516415310303,9180.570143587947,13769.89981296382,18697.17313547291,10304.622697384837,9779.944162197364,11996.93082241668,7127.602725937667,11502.854861267804,9156.112147804952
8743.635627962438,264053.8124681276,11053.453563578585,9805.843740467037,9707.582620875015,14463.096386328232,19635.13510577864,10808.417898698586,10393.791424854302,12522.1404221086,7547.475947992931,12185.291506951644,9664.02164133271
8921.527541725718,264053.8124681276,11224.762313687424,9831.0302674667,9855.148274594227,14503.044329760183,19780.210753501062,10880.17597003387,10601.876347336633,12724.853800635836,7670.364090694203,12352.10995658585,9732.659701177914
8117.573603775115,264053.8124681276,10286.644832588767,9102.078350827669,9064.629229383316,13274.091240984473,18264.623651358987,10008.277785572303,9779.944162197364,11766.573481199597,7080.074781710134,11435.988208859995,8928.75440655768
7555.879457497394,264053.8124681276,9699.302685462586,8656.641501651795,8569.235564565251,12505.703034009162,17456.32700410254,9730.011986828613,9228.523949434195,11176.866935980306,6690.158646074159,10821.313539146213,8528.548694658173
8147.406289141167,264053.8124681276,10335.589531620792,9186.123984406855,9193.289583395212,13462.075666085284,18596.32987164489,10388.57569545734,9842.370462972529,11983.003371051711,7190.3184075280105,11610.527693759548,9149.560278915977
7655.427904203643,264053.8124681276,9870.612587319803,8791.111240397926,8781.176177412543,12994.463032293446,17567.096689400627,10107.213848600612,9363.777313707125,11591.950284677783,6870.976882038779,11094.503662913392,8694.15215954596
8450.16422220607,264053.8124681276,10743.468550128468,9648.369189714904,9510.300908859756,14183.46899934083,19064.15745848852,10908.00462147328,10206.517017240441,12513.717694482153,7468.452796173697,12156.906810834862,9384.164404689565
8666.418208013674,264053.8124681276,11135.029597629795,10001.360080163819,9923.49896418293,14900.162187861499,19637.773190434138,11297.569960047043,10622.6868622051,12858.221993162973,7774.814610448564,12612.221799681753,9729.168961626476
8747.515448483975,264053.8124681276,11159.503098894183,10115.059699524387,9923.49896418293,14787.370218075212,19426.78072750853,11313.032309823267,10674.705658190214,12793.045577314157,7764.487916413659,12680.516221861179,9646.368168563517
9520.629141006728,264053.8124681276,11763.15976178158,10681.705505849164,10518.483458702422,15461.765390796492,20559.88492900117,11810.81808928257,11184.510834165292,13388.933612233928,8270.420469123088,13454.552833359936,10143.17731071897
9919.585950797624,264053.8124681276,12184.45895237889,10845.232028038457,10843.687278274987,16197.660149625657,21256.726233341913,12056.436964629911,11529.85376230961,13803.345603688422,8418.627634117152,13799.357537516544,10500.92363064719
10191.355739710008,264053.8124681276,12605.46790238518,11294.291583656344,11207.281889168067,16619.49649617357,21805.789991625472,12550.320668851855,11878.601434517182,14123.042812782669,8770.262448938489,14188.824417553586,10725.542137090371
10098.953490472928,264053.8124681276,12572.446124666167,11412.911379700186,11185.89315736418,16595.52740143295,21664.608336075962,12615.961031978373,11899.737815979164,14179.457103889255,8770.262448938489,14234.644183494302,10697.465919729399
10381.591314647394,264053.8124681276,12943.924135716501,11785.716865793513,11542.397046065855,17168.366579735903,22497.375492723066,13149.355131219521,12301.329812875416,14696.615825384377,9049.504961988576,14654.658327797852,10964.201257229866
10256.579917622092,264053.8124681276,12787.077889978545,11726.405041312435,11413.676104476956,17046.129948484115,22159.244456899425,13036.807002643129,12174.510774984923,14724.820942668053,8966.7675861181,14547.744033324123,10823.813907885433
9952.197619586834,264053.8124681276,12572.446124666167,11514.585077782232,11166.950319701546,16636.275684195632,21482.981027514285,12830.469708540215,11963.14696036511,14480.349549281307,8811.63307161734,14257.555196923704,10669.387197352598
9719.996621858676,264053.8124681276,12341.304046368468,11201.08948971083,10993.563162647812,16142.530410018606,21361.0575257237,12802.331263965409,11635.532673145095,14181.809896644114,8646.15445038916,14051.366250190482,10571.119184081275
9142.4596650346,264053.8124681276,11614.860640749872,10591.046337988975,10400.7736506735,15202.979694553042,20264.20628274185,12345.888272964476,10948.604395783032,13820.852274836212,8170.411637018495,13134.973192294248,10107.840931244642
8379.681236231658,264053.8124681276,10805.864518456308,9879.326598496342,9613.983375690856,14011.764166458091,19119.99985879526,11508.027785336899,10145.42564582077,13222.422141997398,7591.243234322506,12073.483455279718,9518.217821521755
9365.846402972764,264053.8124681276,12011.103545403996,10819.812399480974,10725.608017738463,15622.42488355227,20714.825899990115,12567.855525287689,11360.761961495155,14352.786264395898,8428.96496924193,13486.255426768637,10486.884269458791
9267.774422512202,264053.8124681276,11953.315722332816,10743.556403497256,10693.100806993598,15538.535517070975,20651.534949801717,12652.27085901211,11403.033975300512,14533.265751389721,8377.257011438302,13409.8906574795,10500.92363064719
9344.050668758537,264053.8124681276,11920.296248110557,10777.449562650427,10725.608017738463,14797.919249212686,21215.495807848594,12671.024172339146,11159.968210402845,14647.249095104413,8377.257011438302,13310.614874760964,10416.69247354844
9916.3624308668,264053.8124681276,12683.764908806868,11339.94577595415,11288.694470086235,16314.064328547349,21759.393373587543,13169.383398666101,11907.29267711842,15171.167363140648,8867.31789491769,14041.530126055226,11103.759446336391
10514.858989910534,264053.8124681276,13251.569948212787,11900.573323876988,11769.063074367761,16732.886666198843,22437.863126989763,13838.471599314124,12326.790856048545,15574.195353328963,9254.219216318557,14625.313871953356,11562.828646333912
10888.236043003235,264053.8124681276,13677.423151893037,12299.805013436571,12129.337881177356,17089.014660671735,22841.715463765235,14111.191253475758,12660.239278970346,15929.243949654834,9567.9195131179,15086.196371588218,11950.169223212753
10734.488596041945,264053.8124681276,13568.870867354062,12214.863576350055,12086.835695908581,16865.80544457535,23107.32700518873,13974.83142639494,12563.432928901679,15929.243949654834,9515.635969089375,15009.382810058914,11821.055697586473
9883.420510948077,264053.8124681276,12700.465260274403,11484.349301335875,11353.307169597998,15837.556753015118,22005.817363620663,13076.422859155235,11735.190917745953,15113.59425399331,8940.516017403794,14079.936341590355,11175.489321962983
10317.193184725927,264053.8124681276,13218.169245277717,11917.562767169784,11758.391758087504,16492.12586067292,22605.162227950066,13611.19078266552,12079.395934728098,15555.003866219935,9285.585279774084,14479.36708763454,11706.28714507918
10449.323048209522,264053.8124681276,13385.171608204688,12053.470607675534,11988.259708121983,16765.491866037988,23336.363804229408,13979.137456814931,12154.688347557472,15885.042545997607,9473.280561911457,14725.17071062012,11907.131798839964
10839.79921067459,264053.8124681276,13710.82615832486,12376.254618565421,12252.458423257043,17141.67928940385,23734.65620448184,14212.546339497496,12466.625829714405,16127.635761719697,9693.589817134805,15124.601456664304,12093.630226973846
11246.772803609401,264053.8124681276,14053.17645291906,12682.05111262167,12505.656541802036,17402.50116723,24206.095374024193,14442.765012019785,12746.290533215883,16399.34005515406,9924.389252228366,15547.076610304992,12437.932126971988
11081.784213239709,264053.8124681276,13785.974284683636,12376.254618565421,12336.21679710228,17239.48667188503,24032.218033148354,14213.363666067482,12606.457057787235,16195.559806808673,9763.610123236396,15270.548240983118,12079.284001346947
11131.277344982598,264053.8124681276,13877.827369503455,12563.129825719983,12413.662208847882,17580.56598617007,23958.854025801364,14216.568942155312,12724.775846857983,16244.082776928271,9826.669221818065,15431.857963699604,12122.320173211823
11268.771058236383,264053.8124681276,13794.325612165781,12495.175905467107,12413.662208847882,17427.581205271592,24176.360914963247,14097.835308696149,12692.50831203277,16147.040893228304,9847.68827643075,15524.031072249445,11921.479276974776
11988.937847661793,264053.8124681276,14725.050020432018,13230.578570588497,13165.85566023962,19067.18725425926,26102.825289551172,14805.72580576818,13779.235196348856,17195.330409515074,10413.93549390667,16465.22414063634,12968.66481967675
12116.539153036105,264053.8124681276,14911.336106436293,13436.504532332294,13344.373004520163,19416.57070537833,26607.72455083316,14812.169314660372,14009.803415546354,17470.13795546231,10561.95111928304,16750.970272996816,13234.234072310914
12593.654556478195,264053.8124681276,15436.323748176208,13925.571828463068,13801.831601966489,20379.949182561017,27609.086090355824,15153.869259763898,14657.594740468234,18127.720543389656,10953.136930415109,17337.91026054368,13691.603619071511
12854.406730736506,264053.8124681276,15766.55649809524,14174.395219453076,14114.73219204339,20878.333795404673,28038.155692343116,15559.516534384684,14811.306387187495,18687.157868945793,11164.587962005893,17538.70239580446,14001.436501324557
13387.000962602211,264053.8124681276,16105.261509076008,14611.982710799663,14439.340672815824,21353.603885277684,28477.036308082665,15530.367731043061,15195.586253104255,18922.714341279217,11418.32571737633,18056.137239536583,14311.266878561779
12871.049538929927,264053.8124681276,15868.167195165606,14397.479189665779,14181.892204031827,21029.90853288269,27995.94633785514,15073.782555350806,15041.874606384992,18638.084561670315,11217.447092259314,17924.84685671341,14148.976923355845
14079.378758129704,264053.8124681276,16672.583965911934,15289.81603374617,14970.759579208741,21854.56043046752,29469.730049128386,15875.440560678495,15810.437334692933,19601.5856470988,11836.75949018345,18843.875014639445,14753.883134623997
13771.698150467624,264053.8124681276,16232.270561357553,14860.808991478405,14532.097618967495,21492.33046487554,28792.45510504003,15341.816706042096,15316.359154727526,19086.279411853197,11487.058451603405,18395.94870609919,14222.744629355666
14244.616927597272,264053.8124681276,16791.12881937038,15409.933651783453,14914.518502293537,22563.605201646893,29867.61784349953,15748.541194483234,15898.271491220217,19680.86529767933,11847.353178836962,19044.66941081831,14517.821715894506
14831.495873751632,264053.8124681276,17527.807812816012,16104.929799346757,15679.97799880682,23575.792874153296,31663.54386959634,16437.874235286476,16557.041898428357,20404.28416517065,12398.392344142134,19755.17648500491,15211.255186400418
15367.094298462147,264053.8124681276,18112.065577788395,16602.575618097195,16154.788351458788,24528.900056023755,30491.131799415412,16823.42073768431,16952.302344868585,21078.152405936802,12779.883155028974,20357.5619344596,15757.148234875043
15515.235039224675,264053.8124681276,18391.493555046432,16980.105745269506,16460.0246130446,23719.661675036266,32790.52331561757,17130.541554182255,16996.220172250836,21167.332716604153,13076.597370277133,20805.49276483603,15830.915940874862
15430.44201130501,264053.8124681276,17943.688027299202,16548.187823217704,15985.409194336036,24745.819952574555,31705.071639680267,16207.239366515412,16784.27803806736,20564.96097981108,12652.74728272515,20332.741575706164,15585.773839781566
16174.92049393132,264053.8124681276,18755.815753430023,17503.385992773274,16724.947744861234,26196.37336174894,33042.95393792857,17043.67706560929,17604.94196540705,21540.407221099576,13225.461380727846,21389.795391435007,16052.1451609075
16256.348825864798,264053.8124681276,18790.00885924852,17365.701956926107,16804.590114833874,26193.673243637262,33105.81176974069,17217.520920452844,17717.363692813127,21832.043996142773,13299.702330021408,21242.116743861945,16337.98374908559
16145.836545858898,264053.8124681276,18849.850249676016,17408.725569247006,16986.93896479934,25807.398586571162,34187.85552365777,17785.905636445987,17773.571560041746,21974.693550433905,13433.459862341058,21117.757205432896,16533.55784955163
16465.72804197635,264053.8124681276,19388.414701284844,17856.2073548165,17375.07878854613,26752.82448295532,34953.17705227508,18082.551866809667,18200.766932646224,22246.858937161032,13762.91767849727,21584.105474541837,16879.57443288164
16314.506638005687,264053.8124681276,19781.65614966832,18157.397685031825,17649.062397367445,27406.517654548894,35583.45254271715,18349.540818776666,18650.447849321685,22267.018584966885,14007.356088691356,22128.1750637918,17135.326528499594
16685.394622788925,264053.8124681276,19465.35609986672,17865.664342811095,17492.028617620013,27176.913940842926,34684.309655471305,17926.90765245542,18313.1886600523,22050.14382797894,13825.436016239079,21832.82229048185,16984.884045635627
17239.566102116507,264053.8124681276,20209.088400373537,18622.97084853109,18191.709762324816,28233.085764987176,35965.91371956087,18539.258511542856,19066.39895165346,22884.15206802708,14389.523092470976,22687.795247640617,17586.650219567768
16962.481202786377,264053.8124681276,19884.24007411731,18338.983798574824,17847.609204332988,28135.84535800723,35289.00808016953,18175.158357022934,18605.47975765414,22772.27542035381,14176.658730670824,22236.99305129435,17451.25661926947
17347.989312636477,264053.8124681276,20345.867734137777,18932.784009926658,18370.39569812398,28759.820796299835,36687.29342018511,18538.88186335392,19010.189586187633,23392.69064365311,14527.880477730763,22703.339059485206,17691.96108482967
17582.91299143238,264053.8124681276,20884.434489243362,19509.371308723654,18865.961247263764,29713.35197724078,36968.524377911664,18867.797427304547,19381.177091563495,24063.950529692753,14942.96037248458,23231.864836890585,18128.24340837964
17016.69448871369,264053.8124681276,19807.300979032192,19397.499899101702,18693.090401735808,27781.98362213203,37525.772579995195,17910.950951931216,18864.045535623925,23484.227803614554,12984.629332628572,21459.748197030873,17646.828214719684
16656.809832912255,264053.8124681276,20198.777948901992,19203.86185708158,18238.775772687528,29153.98545157298,36435.145207348294,18057.329620837685,18706.282655484625,23382.8792274294,14439.699700704838,22499.621296220514,17399.986460389468
17941.42790336331,264053.8124681276,21448.27981772891,20415.546872147937,19293.915011830053,30668.552859947686,37908.49172703169,19093.321180151772,19721.1750584556,24537.98147824752,15242.587344242256,24126.60960410872,18428.0261671448
17632.62208892663,264053.8124681276,21106.689677063576,20310.940140001567,18911.283389105734,30279.834456300898,37333.981245838535,18140.209171571725,19502.05037507994,23851.160707711948,15023.616931599172,23941.148754392398,17921.677298475704
18083.47790573725,264053.8124681276,21340.411671725913,20302.2229123227,19161.24007228098,30190.57114811224,37233.97842174379,18962.5112641349,19490.51994149983,24222.39083903632,15157.431538855408,23949.579717936904,18397.338470786788
18213.17668393412,264053.8124681276,21655.032472393745,20677.059849595553,19405.704359888627,30671.432109449608,37781.81750048064,19065.106464318706,19686.57926300363,24423.27336618995,15364.23338154392,24354.220749711392,18581.46464893487
17577.040739796143,264053.8124681276,21232.541222226166,20511.436376615446,18951.703205695285,29822.004204164426,37159.70201455712,18463.684052433196,19271.39375988696,23651.462690014214,15023.616931599172,24084.45930822237,18121.150456072573
18034.533511876227,264053.8124681276,21699.98060455733,21182.65520205137,19433.113652877044,30271.193420980624,38188.641925424345,18747.213509617242,19571.24795893272,24711.522930974,15368.014837935718,24354.220749711392,18550.778205084767
16801.18587886506,264053.8124681276,20423.50939573291,20093.015227407428,18263.852443961267,28511.87665768435,36494.25296720031,17461.161451187807,18417.96338473061,23218.378448472453,14405.988727990236,22921.11973324784,17338.608562657617
16064.956111473623,264053.8124681276,19893.143089072073,19683.305526500804,17714.2994123466,27927.35614064871,35675.012952819154,17137.87677766175,17875.91914043734,23079.73134622407,14065.020154707905,22010.684194509497,17047.073568494616
17279.424808414427,264053.8124681276,21628.06313239624,20964.724510079763,19303.20071656664,30395.00772319237,38241.9711529584,18576.335759261543,19271.39375988696,24828.84074993782,15270.592758041836,23502.786129357974,18642.838789142985
17398.982439967614,264053.8124681276,21690.987753229158,21095.484851721885,19373.73519316999,30507.30502739642,35785.89940357291,18540.66340928758,19340.59134373974,24924.829285617074,15294.950212758918,23662.958610276957,18658.18326357595
16442.50794220353,264053.8124681276,19704.37383356683,20528.870831973174,18785.942180616705,28707.675484258707,37004.431113269005,14256.009657259565,17898.984502309195,23922.288066614867,14028.488325805407,20889.497176339402,17937.019267892843
15602.97931896839,264053.8124681276,20181.112432294474,20003.83172726039,18113.269924043594,28410.383112741518,35872.015284869696,17531.877148660216,17811.097907479507,23964.251612795488,14295.956956597995,22024.577536150948,17640.050894406504
15531.819864395356,264053.8124681276,20161.539620374522,19763.891239436623,18101.336805616153,28080.988424003674,36348.687176111634,17436.180260056743,17884.047077310013,24030.270436624924,14295.956956597995,21837.373518589946,17577.10610927643
16709.160939442616,264053.8124681276,21492.587577794846,20883.60902087617,19199.112576393854,29810.313004988235,38336.507724442214,16934.876586512793,19184.925995696613,25284.59293271087,15286.377363809286,23288.202393769632,18788.776001046594
17220.20313385633,264053.8124681276,21561.100481753314,20848.063922997117,19396.815108645053,29688.31302438044,38027.32365972265,18704.24171774173,19367.29142908682,25506.999457032223,15392.148829765489,23372.441940753997,18898.929061897248
17517.773687220248,264053.8124681276,22050.459939196902,21327.941045726337,19745.117283390027,30609.40663302174,38902.45631071125,18868.96880317213,19646.919425776618,25650.549563032975,15653.25118669918,23859.176908248777,19197.911468106482
16806.1909061612,264053.8124681276,21991.73459294679,21363.486143605394,19685.064457608485,29889.61397842765,38658.24000243306,18844.00644445051,19659.076122511156,25849.303759269278,15692.41910377452,23943.418716151227,19323.802290874544
18042.846092469477,264053.8124681276,22882.365488458792,21967.77399860004,20526.88669220872,31844.637537492283,39848.44658496343,19452.826226766694,20425.013939224456,26518.37852284234,16313.400218064953,24898.159205712345,19858.823570670847
18332.16120792922,264053.8124681276,22872.580234247194,21772.27114411735,20551.0347930088,32250.283035813623,40572.58520891241,19302.456970298466,20583.0674773828,26562.89498437996,16313.400218064953,25010.481616248944,20000.45090284841
18450.51716234448,264053.8124681276,22950.87839241726,21656.749094395633,20502.734640044924,32817.57735805522,40399.21566199496,19147.078292917413,20583.0674773828,26262.429827787066,16287.232810697817,24907.519406590392,20031.918911635752
18240.10601649491,264053.8124681276,22608.32769360545,21212.41514308631,20186.437194292044,31838.537209780443,39329.11728574082,18935.08374301671,20121.072549065582,25438.946954867555,16010.721188257616,24505.030768834236,19654.25771590277
19331.617091882505,264053.8124681276,23264.066418104012,21710.06385152548,20925.113030405548,33073.77140106549,39482.50364688388,19055.752406546522,21032.90271249105,26195.664600738844,16574.11078941699,25319.3682452246,20315.169818467137
19305.316328901554,264053.8124681276,22060.247496905253,21772.27114411735,21070.423114002573,32045.935204724992,41307.35220480335,16808.28324697104,20060.28307244404,26073.254472858476,16403.785635438002,24870.078603078193,20330.905075368722
20002.773101087518,264053.8124681276,24180.894982200884,22419.650037503343,21741.347550691222,34691.659823244976,42217.308116339664,20011.966112962444,21825.387794355855,26856.431571963716,17230.637013367243,26511.113995037736,20933.424006556128
20694.608041068786,264053.8124681276,25156.944144350007,23418.67900576599,22611.979178157177,36164.76406670327,43028.58092497792,20730.221026573472,22526.504378111324,28079.232053853535,17905.81803523497,27403.548103971483,21706.944085479154
20573.70587565499,264053.8124681276,25240.904297541758,23400.67817141653,22526.14238699643,36424.15946703646,43081.25572286506,19644.0749944209,22513.519156198796,27932.04458434096,17892.31739430278,27500.55053355406,21755.290890891967
20721.476869605845,264053.8124681276,25629.227780355137,23733.689753963234,22863.28327636016,36962.16498526932,43577.51705590295,21420.20284388215,22812.14180425666,28427.023501492436,18145.46311812761,27878.86543512951,21868.09425848494
20620.724224760685,264053.8124681276,26153.98737591639,24228.704992736766,23183.565013861713,38054.18280834963,43926.22486963001,21976.81918721204,23123.748175989836,28939.323841166748,18416.29046383253,28645.196837789525,22029.24443149073
20761.777591410446,264053.8124681276,26279.931060949144,24255.706244260957,23208.200449520307,38531.34281656009,44148.1335449232,21976.81918721204,23370.43592934643,28882.39707393712,18443.374939672278,28790.702743081478,22093.706003702537
21434.898300719284,264053.8124681276,26867.659043781645,24669.715802002767,23804.714121798548,38870.79515766767,44890.58533708286,22497.569206750668,23837.84698518341,29544.63521672365,18930.471795936402,29382.4257028403,22480.465416910094
21257.97445133565,264053.8124681276,26972.613266390646,24750.71955657534,23866.610917315014,39149.40527556735,44922.3564029288,22704.66544695428,23746.95942121898,29441.174535778104,18984.83035248997,29547.32802439621,22593.271289518892
21992.88489487636,264053.8124681276,27476.3810960314,24930.72404715163,24250.356824607723,40619.31144851723,45600.2721992855,22955.680749228577,24396.139612035968,29969.982285769263,19310.9816918114,30216.654736555563,22980.033207742275
22142.58865625185,264053.8124681276,28232.031688744148,25677.7471138993,24935.678713562418,41692.11784084554,46605.34579410828,23600.447834696643,24915.484064337004,30084.950016337712,19777.60315641812,30973.28227878838,23463.48623177546
22782.23551443336,264053.8124681276,29061.15231043028,26604.77467122326,25694.324741905155,43053.141709856776,45489.87996511156,24254.617942201454,25616.596153380837,31223.04725469313,20335.294937636925,31865.71638772213,24301.464125386563
22768.62378976196,264053.8124681276,27350.437410998646,25947.753849763736,25756.503401366816,41275.80334265748,48047.38287881701,22688.382945746653,24902.498842424477,30521.79331756827,17601.250695661252,30022.647616472324,23479.59849355863
24610.24358331719,264053.8124681276,31051.046409470506,28484.698279411903,27465.02302229142,46574.01027030927,50622.294707320594,25954.775851954662,27316.24438975712,33204.64773926026,21676.029697153615,33664.35359673632,26194.659894940887
23328.89441081476,264053.8124681276,29949.707755366802,27515.957101992815,26449.193266533774,45407.03335574393,48495.10508347915,24927.000872882178,26248.993090954013,31773.92798682815,20817.883841282535,32627.889962021098,24857.85319016583
22674.294655435886,264053.8124681276,29219.227471686572,27124.737556061165,25696.724536803034,44297.56583448358,47974.63528445694,23727.92629748239,25857.219042505065,30963.182647098733,20229.89977931347,32109.658144663485,24079.45709794042
22994.631528394664,264053.8124681276,29342.851535487902,27245.828999201578,25870.863770084372,44094.61489955741,48642.82153133279,24101.834370842156,25911.257462251353,31733.349072705558,20287.42357641807,32213.307673420328,24282.51869070588
23384.60853266398,264053.8124681276,29983.424037357192,27711.56783818822,26499.715403028233,46022.650424763255,48915.39555248526,24767.049686487466,26424.619453366657,32131.37129348095,20812.509123525353,33063.20486947494,24604.02995673274
22319.136036154516,264053.8124681276,30264.379232963223,27851.291994281113,26537.440389562315,45562.627867355346,49324.25929968967,24879.08745676785,26559.71250625795,32010.756860300837,20812.509123525353,33343.05000562969,24739.40351690444
24618.009947029568,264053.8124681276,31343.242669236755,29024.95641145353,27649.799326700795,48187.471353357374,51906.502912619246,25710.076939808794,27464.851542296623,33597.66148626324,21675.780115227528,34389.88221068953,26093.13160357398
25133.184902397345,264053.8124681276,32276.006823878786,29863.29171571512,28547.027583350562,49692.694348108824,53272.15366551204,26215.851427355396,28356.47647868709,34229.51344583875,22411.09296859031,35426.34584540475,26956.132100255993
25295.09535055989,264053.8124681276,32399.628584183363,29956.437942345125,28572.3057741739,49932.84873635951,53192.487039034415,26201.802449908144,28369.987581860874,34849.217422592614,22411.09296859031,35592.181926130375,27176.112569900117
23720.130234911074,264053.8124681276,30151.99623332211,28102.793163497336,26744.62882897846,45755.435692734776,50467.12699410959,24876.300260169737,26208.465774381508,33087.31369413951,20922.44705985236,32845.54854620706,25890.07251582434
23742.20916156969,264053.8124681276,30781.33227802469,28820.0331717002,27290.70466052155,47392.57827425476,48619.10456645257,25235.39476025872,26897.45113143503,34545.44483434548,21339.935710404483,33736.90645813164,26600.780575455992
19856.318069652738,264053.8124681276,26499.592511424195,25010.275251520914,24522.265967477248,39480.847649738644,48025.49614456758,19518.001429379878,22371.761944190515,29721.470579306933,18256.964327294,27829.064192438495,21422.765070284793
23101.38079425817,264053.8124681276,30337.897635368445,28356.841111717196,26809.55500334516,46187.38885431343,51197.492203869224,24608.983624278368,26517.17455534754,33751.59092398026,21094.577329622367,33483.58641296754,25904.671748049514
23971.505966158922,264053.8124681276,31248.97897506373,29474.25484800671,27670.649355917838,47929.890274628146,53320.95619503198,25500.072975586605,27490.5523034236,35009.337139178446,21761.260957541374,34686.383530387415,26787.34914403296
24112.606391493806,264053.8124681276,31935.250549038454,29885.9333901703,28081.920462868016,47325.872373979015,54432.07454741166,25441.77536890336,27829.762197542426,36072.585819974985,22239.904918959877,35213.32440421417,27343.82087433444
25170.863783173747,264053.8124681276,33248.632989851256,31189.583712404306,29351.435672029173,49068.37708110823,56687.92884150203,27827.817163669646,28773.642651397433,37260.297237503546,23186.371820768836,36782.68869283212,28782.967495603538
23164.091534184565,264053.8124681276,31154.323686442494,29601.68048885057,27479.85907593013,45004.973772041994,54151.69624905909,26146.768499782014,27018.61357473331,36286.93335302107,21714.767133775043,34823.84735004574,26825.723481448447
24167.478499012817,264053.8124681276,33319.62445631718,31473.838540183195,29273.991577404813,48354.53684757349,57776.66081210103,27784.711661687066,28876.877188222268,38116.85172260601,23117.92833071192,37137.79753116788,28763.779074387883
25023.36673799699,264053.8124681276,33781.08165757784,32071.755594750437,29841.40740726594,49427.132883773804,58954.11280520589,28476.525872434908,29407.813501829085,39083.67646584567,23633.425288472692,37733.4703148238,29301.06238347371
24195.685138741188,264053.8124681276,33248.632989851256,31669.87695031113,29361.55643163143,48069.00141152249,58904.5445115348,28156.66304770532,28847.38289047564,39645.74783754345,23254.46512223178,37172.16574700055,28840.532759250505
24862.654605637716,264053.8124681276,33816.580846055935,32228.582855226305,29802.49701161655,48731.59034656008,59090.40253125784,28398.721656046757,29452.053450211817,39711.10409329824,23650.650310860095,37653.28007213233,29473.758174414605
25810.873665497624,264053.8124681276,34597.50770865189,32738.281565683443,30559.6125450793,50686.41998356921,59387.53531476165,29008.74482932658,30027.235705150215,39488.88957850056,24194.14881293322,38168.769395851035,30106.983589578707
27104.63288553353,264053.8124681276,35922.72090879397,33894.90452516587,31665.902187547395,52886.51500537641,57326.853122091044,30169.44272075586,31074.350695830053,40482.32251474603,25091.506117610938,39531.94021589959,31047.228754224943
26959.986252141276,264053.8124681276,36597.15941994266,34267.369991218235,32251.586488996672,50928.02714382887,62778.43673321754,29181.980397345007,30587.663320029238,39946.39148186257,23641.928486652254,40070.33263983439,28648.64854709395
