Portifolio 1,Portifolio 2,Portifolio 3,Portifolio 4,Portifolio 5,Portifolio 6,Portifolio 7,Portifolio 8,Portifolio 9,Portifolio 10,Portifolio 11,Portifolio 12
10000.0,10000.0,10000.0,10000.0,10000.0,10000.0,10000.0,10000.0,10000.0,10000.0,10000.0,10000.0
9255.626910772253,8539.658988528814,9199.11157796288,9587.922333270324,9413.655175215514,9286.723636324048,8823.193857418428,12058.124840629434,9594.567595891307,10155.464447589946,9240.60216225949,11276.610909593093
10421.498628963665,10509.997163964583,10901.017297465358,10805.536317070822,10664.38066296438,10698.515039235566,9958.196953707438,10723.661615251083,10806.641530556517,11734.413143613689,10508.846441786261,12318.851126484355
10365.279888913732,10470.528705091394,10663.805521569515,10628.219833015362,10813.600577588883,10478.862998217064,10815.222737975377,10459.556479247995,10120.07524250411,11626.640466201516,10345.67913454371,12029.52843667971
10548.283367978596,10761.890463516153,11326.448051512192,10345.840392902493,10313.251505980968,10973.988896672905,11659.680907592588,9948.176803266428,10540.283193365285,11578.443371273283,11333.097495073183,11515.888741144123
10692.9774644357,11183.776015353966,10620.070070156298,10589.861478108292,10586.534526315489,11074.014302320948,10979.378375913548,9212.409420134532,10036.694578235943,11296.383813166964,10263.54969917939,11920.670512901987
11002.01639495117,12359.947075224054,11289.96531858722,10659.401535450106,10742.31406070271,11167.366459381461,10962.036852505904,9219.830026900117,9873.87705101458,11276.81586708583,10710.30059994543,11505.054414162521
11761.103482710132,12603.30221652508,12034.551775330068,10968.776689700782,10310.344821530614,12527.265355743424,11800.225000332994,10611.11253707176,10241.547028374614,11931.104104188324,11587.902210338898,12293.435005290788
11516.405604115294,13375.127274835117,12177.224185642464,10316.565420281908,10501.011452512348,13240.605339813636,11816.417003880802,10765.774521699495,10281.757880424264,12161.954647266795,11628.648079849303,11134.168028154529
11186.000971493859,13733.145870567576,12462.609868713947,10494.729767516012,10654.529162505709,13765.296036562075,12324.54792334459,10949.521234426113,10902.967660870665,12364.054315898537,11582.152654961366,10733.739319774382
10705.435114416054,13525.835796269545,11753.252461834607,10126.466488443586,10510.861358331633,12671.791558011746,12714.984198240987,8792.382558293357,10393.612756086794,11265.165004874958,11106.830770267057,8938.634318295375
10352.872675040322,13795.96975667979,12790.320784847407,10611.897551432032,10604.567495718944,13240.761544813358,13751.326547550078,9744.488149975077,11722.574109381023,11752.075687998231,12241.963609954242,9237.195963080007
11548.108974474495,12049.958626442565,12234.535444448044,10132.285218592753,10256.57608441438,12411.929146228693,12843.320358113324,9537.728631832599,11809.610046180751,11384.538066526957,12547.342878095486,9301.417610985318
11038.78183046433,11589.402655723305,12225.500935923561,9681.59057957389,9781.719362107186,11536.162621048035,13177.80367819022,8330.944872387478,11420.841766551774,10822.585128214907,12114.698695543499,8213.568972337845
10799.475345868283,11378.33621969007,11856.782056396045,9151.235080676137,9518.885892556997,10485.401008435365,12614.703897343854,7622.132495050358,10868.453382460984,10278.06216208651,11962.257754177634,7661.748181022198
11784.283949396731,11658.259641873126,12219.492978565191,9907.810534915463,10470.913179105719,11235.498185645543,13334.456007378956,8550.034534464674,11507.340793015343,11329.742637439642,12271.160287225766,8638.433718430511
11772.77219883314,11588.521594414655,12611.421817031825,10028.300349101812,10762.334778378725,11583.75319771436,13444.616644458752,8522.249807489052,11643.363849379626,11456.163705783749,12708.439874742602,8490.999789235248
11812.0742899447,12017.783492363324,12007.122617097388,9586.658364622186,10067.882971062587,10202.319842624325,12714.6688137516,8258.64911894365,10358.694518540722,11364.139704771556,11768.563506118238,8359.797554711815
11576.269430732611,11809.22535073371,12171.226666944056,9973.170156682889,10268.358370204509,10302.714602007107,13251.541707288667,7997.97655323494,10430.3235269763,10861.370363443839,11821.323905857644,8684.931244629004
11242.408430635936,11158.380490032998,11852.302622201822,9739.438628495127,9842.791184275553,9918.462695334032,13025.579412505565,7979.69207193602,9949.840490870223,10451.127128509188,11801.46154207381,8359.001442056177
10549.95070218421,11119.704970822402,11571.54899188637,9018.737383265443,9047.18780772314,9057.161632141177,13320.611250428687,7109.658150145751,8819.748585908941,9778.986389681932,11148.396095839098,7055.210158381838
11214.118815970987,11178.89795982293,11091.861803801281,9638.457728253894,8967.572025062007,9368.08336107489,13224.718013391977,7368.250438059362,9047.30291968917,9828.929058777643,10772.411396010304,7671.201848007806
11930.366008281193,11727.917276650693,11734.509357166167,10113.98416933823,9760.572546430365,9986.800845640646,13386.100599975729,7864.144016131042,9981.923082981464,10568.067669381402,10912.804695422332,8427.979360600666
12219.669525108124,11376.27877122622,12112.09371030223,10350.226359685446,9856.222609785083,10878.594258370615,14028.527314081592,8275.839156206688,10514.787083193914,10404.376547934942,10775.23949207986,8551.47304291223
11960.325922639726,10749.748706782832,12187.105724508394,10385.62338327755,10069.717815621872,10641.696839541273,14537.866329181352,7855.079744882546,10531.230397905043,10517.773006187565,10762.178690474091,8861.249659319743
12072.172130061192,10736.745208625576,12659.510350244067,10403.197294125575,10282.88965281356,10189.998236617512,14917.549818595613,8218.615606074904,10322.632000142774,10661.145937628782,10856.127829043598,8629.4199927725
12717.009550833049,10542.522706287335,13548.85634260041,10916.649259417969,10691.298720802692,10905.079027421269,15723.161811743385,8578.428296761103,11312.056807001296,11383.48965665495,11779.202510256624,9339.748477886069
11997.096125745084,10158.340706076217,13180.326822148996,10641.489860805073,10131.668667612767,10300.271233026187,15803.771326724467,8511.918736639987,10922.368645236676,10937.480780754158,11666.994857075073,9043.97827344013
11981.732457233898,9887.357872586683,13211.169975349087,10515.878961067154,9824.67773604638,10425.329714734678,15816.478904503663,8310.796403631712,10719.665371871693,10820.400317213569,11949.739216194152,9184.071456001253
11271.689042946242,9962.472296838572,12343.085516979289,9858.758937378543,8994.887834407915,9465.859237002893,15521.998997936073,7897.784610560739,9514.194695828142,10174.687506894528,11076.171619063183,8265.908229929772
10630.383153363951,9240.58003171712,11659.292441879064,9066.93795230362,8347.102401865423,8549.689558534192,14121.284214364114,7489.960453188948,8598.910906424373,8814.520642274058,9742.998173971155,7538.906952195465
10597.287668894234,9091.531685367361,11742.510973670282,9136.667633779256,8332.266522948346,8756.442630662521,14447.441411118256,7648.844786265457,8579.037301926144,8816.36274665884,10231.566404186477,7549.238942665373
9960.342050331996,7997.661191212883,10592.948352764335,8303.049659706494,7664.46848722393,8105.665342791666,14088.959326986838,6946.302324312411,7782.722779832381,7976.770808047791,9403.469690136104,6746.8632846698865
11070.33984629009,9002.697720744,10432.594387048137,8928.705191128452,8509.04679193345,8147.805532182111,13692.92014141763,7539.030576185374,7898.962883240946,8479.40159294073,9485.783664238314,7489.288476152428
11277.749907260066,9409.542214349767,10934.411302282955,9328.00999992218,9061.924818998286,8667.79521256509,13686.350441469272,7938.4330773714855,8463.06069415564,9169.967343507002,9934.312546371937,7911.804396503353
10878.114589283794,8442.414575349529,10467.080454136418,8945.420582667242,8492.617646231405,8189.862263335465,13366.789699820667,7652.235869989688,8057.497156870526,8752.100597779594,9950.007503944642,7518.377842372356
10767.530037313594,7892.560367638802,10043.954850632987,8793.270525978907,8107.365043251576,7859.892026368085,12969.213265589047,7450.916505161865,7701.54529139931,8399.099600027193,9843.37358879455,7319.155292376127
10523.770781284267,7240.960503072144,9988.615891868923,8639.113066202366,7909.969841473447,7534.3914042944025,12787.642264088983,7216.309996966574,7547.641419623183,8135.911223402528,9887.942413885658,7236.485489161104
10875.870832651082,7270.850805477639,9685.952477861341,8917.934015903496,7856.9877258365905,7479.937702544885,12953.002802002678,7454.414379621185,7652.303705084676,8356.046832420874,9726.064926581668,7354.774659047059
11697.11098968325,8394.045999270913,10696.506497506869,9414.491614947683,8534.51136624942,8159.027530883828,13324.435572082271,7724.899140165457,8302.519737219778,9248.997663630817,10531.389554464124,8005.548287494634
12197.060006101605,8470.860971678321,11437.062471653184,9681.56502900274,8862.358606530066,8841.280414400142,13833.23265076451,8152.786002507489,9040.284991607034,9824.307090522936,11415.705808757959,8386.66577711148
12229.130663551658,8115.980796621853,11612.956889785954,9625.795200500777,9283.736372012478,8935.074744008307,13943.992644160782,8045.808784853142,9099.743812627408,9997.016501919497,11600.340393261571,8343.10631284718
12036.136615194768,9318.626007063147,11524.943158797621,10057.987671727366,9268.54462610332,9409.050668028909,14301.460718034034,8155.379728357786,9119.478898818095,10210.94455592317,12069.418411828996,8778.688544489925
12364.412118699269,8757.868235806076,11815.857637969413,10145.35510694797,9525.998549407015,9793.176774918997,14930.741946889768,8516.942235378003,9692.664057056483,10578.423371212226,12260.759184917524,8983.59591659109
12393.252492914651,8470.199413252623,11684.576625006204,10033.378608945413,9179.112203011611,9519.818121469305,14433.932708461141,8455.912950485508,9421.245096444847,10302.935694657064,12089.989307396258,8856.659925140588
13300.42865900497,8968.29230130343,11628.530942196901,10810.41282799513,9830.370517913016,10039.865009771926,15143.508441768836,9149.86113491245,9844.876394693081,10710.703706744865,13009.736999364173,9434.808501877409
13498.00320008088,8598.142076551401,11778.088389274717,11018.371609068021,9879.365268043248,9928.947019286901,15342.095349274434,9147.400235597208,9714.958336095142,10841.185119594991,13312.603146718373,9745.178068138941
13488.403733029252,9720.9623909419,12773.461510346817,11671.457231102819,10068.154261611286,10505.561588471985,16613.926461148938,9520.650077268596,10332.902174181283,11302.533950034609,13802.076095686783,10114.645438547084
13957.203856904529,10182.14037256304,13067.831899720637,11503.003133658853,10260.005406877155,10848.328434903211,16441.36793604442,9735.890315142971,10632.059555400449,11373.29819354363,13863.796942063624,10409.353308995322
14200.246491360096,10814.127522890349,13684.87718525328,11962.673520668404,10492.759657952112,11033.011594664347,17006.301346061817,9831.828609164433,11203.43004374166,11830.531288878998,14443.76648187841,10570.201698167515
14378.949579450464,10466.904038370432,13722.586050314962,12010.633766801657,10413.358848828455,10864.246550551577,16844.616089637704,9872.110254349009,11247.698968822619,11798.831936988456,14599.558743694331,10408.996633062883
14344.116455898791,10491.656087408795,13865.671813717998,12022.195702025896,10622.528302643857,10461.790180818742,17100.27490907003,9887.678926735593,11017.126509046277,11767.17496740819,13780.344397651666,10081.7636301038
14270.118497705693,10705.388153447631,13733.366277506258,12348.230324924854,10595.499851352359,10564.8542828667,17344.801815303756,9766.971724345885,11149.399143377164,11929.450641780564,14180.733325606478,10438.45237042332
14703.334317114957,10526.545640975975,14345.250082862216,12809.350428540483,10756.166390268898,10683.595516404468,17982.785847458792,10274.876740356443,11212.316956346018,12589.603640074773,14292.437503186267,10499.66623027231
14057.216626751959,10416.125170625955,14207.238221955356,12506.878958140576,9785.57431198885,10365.315148618452,17977.156249621577,9715.854095747021,11316.743463960673,11993.959599305457,14065.618581240404,9921.00343897648
14002.862882086587,10497.82271765286,14391.03761422924,12603.260621450889,9876.583167318086,10356.987121327671,17939.045007063054,9806.703663531607,11299.935847513681,12365.823966299538,14526.50564600437,9880.78951320121
14581.592960679774,10173.829205011252,14753.419781063098,12839.729883278203,10069.195863909947,10600.027402641539,18795.534294335517,10043.004318266401,11774.984029983649,12589.029356863724,14883.794342556712,10060.644025412108
15323.833658753818,9139.93543692828,13436.3229131153,12791.690410255824,10146.198052802802,11148.252577730136,18697.48408848365,10192.975616710248,12481.158104913033,12328.819616562776,14644.784984343656,10396.908517237907
16166.236131040077,9561.42181188155,14192.052880259995,13236.799305462244,10579.681634202914,11781.097416352251,20143.314356391027,10599.831614409255,13083.62150243699,13285.344814311662,15268.04905043201,10935.891475328872
16845.798549109917,9883.461100700462,14596.78081844235,13581.155471722142,11129.390244839578,12068.511205464363,20132.26423850141,10990.790788465074,13385.922274286999,14019.752637608248,15578.64447954051,11232.263706838254
16361.146660214981,9967.336799735625,14662.020730195487,13524.165358671904,10538.344342404054,11631.966360821007,20186.17380643731,10948.689887924422,13371.991053373335,13331.492464372546,15107.244205628494,11056.111703873865
16691.835523452653,10111.104998203564,15200.737451891397,14228.109533412744,10744.981670357023,11704.910589245244,21414.023111519527,11145.937333369955,14113.840398307402,13581.007299016506,15496.738725703077,11252.823818648336
16560.32201732018,8641.663174759025,14671.62961483198,14177.663075876577,10408.62692802575,11557.712066233647,21368.485222066,11151.04192437383,13919.254928891616,13623.363970605747,14946.076669181859,11111.862580451927
15768.040762776427,7954.5949798414495,14562.729302954172,13790.872279626332,10365.839927357274,11519.813956963317,20703.62350975049,10604.27849224409,13376.871833779282,13179.478250781682,14784.995814500598,10955.498701267914
16278.845609442222,8624.467490872401,14831.406777670778,14005.428218170417,10561.933661172756,11787.936092374908,21263.484250755206,10870.017939468617,13861.90365850409,14069.333371076264,15379.63024160526,11163.83277378999
16609.103108237436,8963.882930706763,15295.148368425716,13983.49920241042,10579.779169614472,11840.432404259345,21492.477391501223,10743.448828337918,14605.44287969111,13298.405019148639,15620.247942724192,11006.345509146
17535.25625306215,9371.050777075625,16082.865101961917,14625.016719529256,11306.382782530793,12529.429025550484,22623.437263395765,11179.072780125123,15523.773195818449,13679.925867060474,16018.607535843059,11529.183150632352
17220.261071523873,9264.53793461321,16200.23043547071,14414.625027824975,11199.656757707382,12459.436937127175,22906.927769622307,10773.740495163942,15393.625859042644,13938.851871019737,16247.925151324427,11349.430358730217
17783.927109948112,9684.820840300317,16522.86546843918,14583.966058691027,11215.084590986897,12594.376922140766,23437.977659872107,10973.888882766109,15467.377923118498,14423.436846668503,16789.18773521372,11472.642449109617
17714.23955695427,10065.108615895164,16498.455705983477,14142.604339164038,11226.499302305909,12467.038385411708,22148.948115386105,11113.080787583112,15478.269069878512,14485.545593384715,16492.45370191508,11408.94440480692
18645.1400830364,10424.157727053464,17013.70214462028,14576.39740278404,11561.17930994637,12868.761043160906,22825.958980815216,11243.79485531274,15351.314973368606,14503.800189284251,17583.70298139508,11708.324146556715
18622.470615549988,10554.439488138712,17138.844333332534,14525.890214021534,11804.927327913063,12921.339540394214,23089.376387872784,11041.66686780864,15617.960332173627,14848.274944662651,17831.366029766188,11724.130170566865
18984.243449955633,10317.621801693906,18248.51699809217,14466.817400819342,12186.917581303544,13323.553893247865,24618.115550444792,11332.565382181618,17307.465896759713,15012.833304685668,18794.058919310643,11783.0612284741
19242.427546627623,10504.475380897497,17966.825101762817,14474.495233445052,12413.874571354121,13966.2733903988,24698.519455272613,11526.932002649288,16812.50796598016,15140.542920257845,18849.873107001215,11990.701447271971
19514.68128691776,10569.714224810981,18138.434922843462,14940.374503130919,12360.763552336013,13964.231917860898,25459.228203533843,11758.05880113459,17061.11672455388,15129.7682207451,19072.450003098904,11801.034443322056
19589.58184840325,10531.453433567973,18952.697900262032,15249.344348872612,12259.68719355989,13978.762729449598,26312.717989512916,12504.2479153079,17921.68924896896,16056.495456805647,20390.692928001357,11819.736511028379
18751.328093787524,9831.233262443484,18840.416104935535,14812.41273624913,12009.419805335992,13755.349639974493,25583.36764532091,12047.829792614719,17672.03112354994,14885.852589271266,19251.04589591346,11486.344295464702
19044.716319367722,9641.314266162806,19053.48582093308,14690.695233884442,12106.001380315816,13674.576716693246,26162.10841626202,12180.790564860792,17729.968419163495,14909.811762740608,19436.75501501611,11315.577867188913
18440.61092519529,9888.336278974304,19378.361543489205,15033.593072794602,11652.108029600133,13669.888501260268,26511.166327741943,11726.092992504255,18199.93759074374,14953.89718492938,19384.630301265493,11330.274147066933
18792.705501815082,10308.88881550127,18814.289691466143,15437.265486832226,11984.871078845586,13782.285323673028,25802.850432572417,12033.887279289984,17958.886345814382,15357.049144263256,19686.19450742472,11964.557916161824
19198.99377799563,10676.196833494794,18978.774707791777,15764.219930292622,12233.591303529549,14175.02785109447,26122.392476207744,12394.182352936723,18189.436122688003,16134.5298071725,19342.021424208368,12152.412766659512
20042.685598828513,10925.104733823342,19388.806413115835,16068.091411043128,12491.251157352428,14459.816776578842,26563.47738552466,12625.31978245146,18796.15041675604,16540.266447919294,19672.73849373179,12526.3461808028
20194.440932749076,11441.41831792567,20075.668811122217,16525.067332729417,12483.594385321552,14799.881905753928,27330.2389866509,13267.679537007793,19201.991254410925,17224.50152256887,20074.105577515136,12828.200088624635
20056.03923678194,11616.371839262954,19943.232943333787,16473.413117801643,12622.94398677969,15211.035896679874,27181.828163775746,13418.655242845933,18986.245914847368,17356.12644386991,20134.509641548906,13122.727072570966
20117.433779855222,11303.28957597584,20584.95514964171,16943.57034442822,13001.021923641227,15396.55959496812,28563.75127402313,13186.471311149204,18953.07567378258,17847.161437393406,20438.790191706365,13073.111374686965
20084.337565419235,11100.907635378202,20296.918296753905,16397.770444017235,12960.712023683715,15591.438589374513,27792.328088205177,13106.025698098163,19234.99589521413,17533.519783668187,20504.468480482017,12992.45143913225
20192.914390787715,11172.323794175338,21065.56418738658,16484.746251349632,13075.929240828342,15918.723608599099,28405.681669424437,13259.053765056993,19933.889813387777,17575.103748418187,20466.044334163482,13115.912293809472
20451.375190298786,11573.064591314695,22368.142645869353,17128.603047321794,13752.388671396786,16606.582123720662,29416.140120980497,13606.102208032564,20811.967133235074,18136.840080567694,21031.12465475262,13725.129539007405
21412.81248658402,12071.690081092152,23089.276181631973,17679.540476854025,14382.075229502974,17379.480331471714,30899.725485288065,13986.413751893651,21559.41655527443,18884.20110644878,21854.778100534317,14202.358727554129
20885.817444286808,11691.03097837826,23280.59194439457,17618.41996979421,14213.683934435914,17019.024133425082,30280.081756417116,13899.36213981843,21575.608869725595,18256.743211786077,21087.516760297756,13796.625008262614
20352.557922709435,10771.147765861002,23972.964027723796,17698.972162353635,13782.290259155607,16576.03259028067,29887.836329748887,13558.027629831855,21744.922345091945,17610.548150076505,20489.988368442348,13578.188296473461
20673.682129161964,11051.06799237812,24386.315619480836,17846.25745735668,14070.154803332489,16668.70593766834,30027.972431839604,13707.834903758117,22248.993791427652,18034.686067887193,21588.605006698563,13815.625438910149
20849.125872235552,11378.648362149688,25627.161591645512,18827.25314103767,14050.606058544103,17237.418128580186,31943.909441401338,14212.951789189758,23014.917382717143,18821.233318557588,22367.889805504212,14146.228416818369
20865.94009778172,10913.434180348087,25541.88005945622,18991.422521704782,14238.816864130224,17974.9394583741,33357.58041833629,14201.8134960981,22844.44798361363,19547.78826369572,23316.19860701102,14114.099041566997
20202.377217278245,10206.691289166189,25094.3594682158,18326.145629065402,13740.388263161029,17522.158179960246,32210.776733897535,13327.555252985327,22070.30688910483,18875.619996714948,23524.145915282636,13880.455344892744
19987.722241082218,10235.02209964747,27239.43913879428,18429.18854757895,13418.646998015762,17295.393119482458,33033.19218962364,13562.553708835969,22446.627925863904,18977.14859416536,23080.456016093533,13558.481533064902
19201.165245156204,9652.671792581059,24669.464181737298,17417.89098632745,12747.655686828311,16408.69613503607,31606.154648928852,12672.32479731402,20932.77480365381,17687.744417873113,22635.332970499785,12517.468284442877
18976.158936650834,8587.672204239567,25116.015422954148,17397.936593815295,12215.155576661942,15753.133459925828,32769.95897499504,12469.057143010374,21405.21938829098,16533.822650767746,21890.012405189456,12078.019518776158
18649.219773271565,8092.928707551222,23848.32894375935,17573.704243825938,12553.868649347889,16158.423206786954,33573.36637038837,11938.642496384751,21065.40094461818,16324.001015317948,21606.82012129984,11806.839015420936
19278.19785562371,8744.748623821723,27541.15488307206,18380.261872887015,13281.85539998579,16900.28386055767,35866.111454886355,12769.834316597162,22939.55946709444,17806.583020569942,22903.182108893092,12044.35158771035
19836.937534185803,7489.136797367081,28952.861912130484,18785.583633295028,13647.220023879505,17232.679790171434,36425.06020879262,12955.483452040882,23041.795039917226,18583.37728190688,22709.15154031428,12182.051414609155
18021.218112050825,6077.27385753114,28274.46450006736,17894.127934475386,12586.029376854513,15868.519720366054,34919.832064099726,11888.134271103869,22419.49242962172,16638.364868842567,21080.867334669703,10821.970954859804
18226.990448072003,5983.446539833878,27116.458591355786,17702.612548716792,12466.822775672392,15452.293846284101,32824.36257843808,11751.125325515286,20444.170384070698,17365.557409037952,21593.224920106437,11009.390280735795
18446.19813264591,5401.7511682912955,27071.95035791582,18077.05795278078,12687.580251867155,15705.462811385412,33420.113781966305,12036.480596254534,20334.505633096367,18172.671823984834,21505.250496643355,11503.787630338507
17022.728686000035,2684.758817287455,23873.876698589567,16769.115121970473,11615.072550046561,14239.24964901368,30147.673441224313,11206.195766407092,17613.00079085146,17125.11360968153,19945.47551399183,10782.291722644444
13383.679852123432,2158.9510069465678,18465.478068085013,14065.01268658955,9750.613680314807,11381.235216829315,24987.438572691848,9108.891314570648,13803.65070505404,13826.544795112593,16127.367962828685,9062.950485929441
12376.019951073098,2052.085066555147,16881.176522200036,13490.654570787543,9219.493639703096,11426.3435413821,22945.49735148081,8985.974963820398,13514.62287894819,12102.05021671666,14835.578704435415,8357.191817295643
12877.385991700923,2134.287014714661,16005.475196704077,13359.110868665473,9679.695747165186,11088.827683086194,23819.709703620916,8913.58348000095,12939.161762711958,12401.48827342919,15220.106761424857,8298.19045495562
12246.566797548097,1874.797342821095,14637.494875565913,12889.385922830605,8768.366039612541,9962.555675380234,22087.742242705935,7975.247074975623,12058.72770057539,11344.737981355518,12696.489734992796,7746.413303415713
10875.016395726758,1573.3329415724781,13323.365906005945,11453.751611285408,7678.107902154131,8664.918257027819,17898.691158788566,6954.945289908891,10889.84256846586,9707.38332234827,11375.734162327939,6823.80053247194
11507.76674986305,1767.5614693620014,14180.81492229032,12804.193800199646,8197.546603704437,9523.41307002153,19196.61021473553,7534.641197908772,11700.075872614047,10664.411468473223,12496.69890885396,7568.231821256096
13052.55606585774,2009.750926673014,15815.408040423876,13564.035194164127,9506.201121615652,10477.765336269435,21729.17241389767,8558.376294375303,12830.475786526025,12384.347099772658,14186.552297350006,8601.537209371156
13482.734997470894,2049.5329382670943,17433.9575984184,13631.19108143915,9443.46590889995,10940.4299792872,23573.430215604614,8950.068641464853,13654.276951833024,13145.049512992262,15301.440391959572,8771.678223020172
13226.694469561115,1975.8558319255378,16704.568492290837,13943.951371176563,9518.96905602877,10942.504883153459,22635.052809206853,8986.317794075336,13455.615511746735,12952.064947948726,14476.485714519862,8777.462259421023
14821.817651597228,1977.6291486364155,18034.580891161622,15296.27461862245,10366.276697066556,11632.549631827049,24601.91763152551,9899.935829010801,14202.744000855939,14125.036371700007,15211.29720964775,9857.46012112304
15072.486015557133,2285.922711148775,18656.47556770387,15515.409702362242,10509.643013470142,12250.07048138185,25531.257030240515,10239.28266360193,14716.375047274965,14798.130712508355,16365.80099964534,10135.710914495241
15494.11503474571,2376.8268744799334,19029.22751718808,15963.298070513949,10532.275831201592,12798.204152619133,26815.02005831074,10922.81414628215,15172.200788459582,15439.96597746962,16775.16320503096,10392.793292622371
15834.820905741235,2207.525819263098,18946.80007522723,16157.09972942656,10822.021726888968,12590.636095795135,26719.758780126383,10917.340270115477,15408.838550922505,15285.312287778002,16569.9558919896,10316.0703259278
17006.533198113168,2268.0787331657916,19825.78484998755,16835.487592520596,11703.880520428853,13472.18508797664,28273.083246431197,11497.954065285492,15741.352798484191,15931.666937199085,17900.952329865722,11020.324615773035
17259.265313585984,2345.243885720264,20182.827276451524,16892.938313294966,11836.502681467879,13746.452343448094,29023.566969134117,12047.540178839809,16052.498470585502,16312.465076607526,17499.23769122775,11256.41885282808
16727.00707761608,2208.7797244742633,19674.336631479102,16075.835393493991,11647.397908930803,13184.49906890268,27828.475223456386,11524.477011733097,15788.743938462881,15573.18811305059,17041.400098065107,10985.85215252879
17216.628029399937,2314.7130398661557,20586.936318083226,16447.79419719624,11867.031991956123,13710.184707921037,29188.485214042852,11640.696979264696,15760.73055359849,16718.29616188523,18113.57814747255,11545.223316752248
18074.891528152908,2524.9044006751205,21818.366797400595,17485.11900534612,12622.902243561333,14764.826612198129,30790.05150649927,12528.473026076339,16393.362663896525,17635.862074965717,19233.276370523563,12218.150200814576
18097.90307608242,2584.634861319303,22509.284605880377,18146.75014667302,12939.301547504874,15378.092436599783,31537.907988354928,13138.632046696146,17655.04389016394,17926.996861533964,19823.777567447374,12616.184802295527
17090.89489804219,2391.348749308714,20047.916893092282,16506.46608773552,11847.388012881367,13873.464876692182,28585.65052315783,12144.261080181866,15522.632607532129,16388.72416629499,18488.91261580486,11602.401526398136
15874.671315578515,2248.738340609646,19486.59299599945,15662.276719091316,11493.131202873448,13226.794310488422,26979.502605513753,11848.819661156269,14791.858434768219,15046.063681198737,17801.4837624063,11254.916084237813
16929.366866949644,2383.503648792494,21453.473499388678,16984.274751437137,12564.439897358272,14299.575448308167,29240.097034121813,13243.41997761513,16033.976599417016,16354.138108160454,18898.259152249262,12291.064674330211
16320.952116904462,2224.9925975119527,20440.697579743424,16287.179497826848,11867.767665716385,13723.15755236151,27654.639862019812,12880.116895078789,15407.487976229404,15532.980207150793,18034.005824186843,11718.034447400849
18118.789737823943,2445.412877421124,22950.66805019298,17614.786531040427,13195.536480017203,14938.272474582143,30493.925834799487,14445.209320321024,16880.21654364963,16489.25890147643,19325.736131884285,12606.301450491916
18708.36524464523,2558.1681893011,23749.68391046185,17952.361025809532,13397.499980485854,15106.980502909344,31457.058322890607,14525.548704854882,17471.891131230517,17511.01466063921,19631.76243860569,12971.93697984578
18957.051476445744,2550.848261746078,24748.481375942003,17679.86315173106,13389.453309032457,15358.309303945645,32012.916533177016,14558.647719889954,17934.658405837345,17355.412630419287,19775.870164007458,13054.765376253863
19444.931093693405,2871.014130776495,26848.57167115365,18820.728611567934,14569.813093306651,16241.322982183907,34632.64213894828,15492.897270981062,19264.618032926883,18614.376075719556,21698.364343468824,13604.994514899181
20244.827219493236,2841.3558962419042,27576.571596844664,18924.488501909014,14735.518934906524,16715.298810137472,35681.986338769144,15395.987055537942,19730.24885444606,19253.39341121741,22159.75547511535,14152.078777513956
20477.25381762094,2972.6952097078074,28344.752833280047,19617.53144834712,14905.000599978022,17081.780356667456,36781.55843371543,15811.952905024142,20889.840477268015,20194.90230644569,22831.066132144093,14303.78401850497
20782.895621986238,2995.571787247515,28504.81285703803,19948.587771111444,15104.59923005199,17450.710291680964,37753.82357543287,16226.136012651512,20824.9492894414,20429.44275577851,23382.069830711935,14822.667245426364
21810.937869331563,2949.25561140685,29311.73654646612,21118.576616925777,16002.59795419111,18076.13575306758,38418.494839984065,17034.15950775402,20772.888636557713,20474.806710993784,23701.44920913887,15483.921416476385
21584.691804363018,2918.1144304100303,27776.265552999997,20977.22511682251,15913.724300814365,17879.80182340853,37349.47013128024,17037.299913848645,19929.787071616967,20358.310007093012,23046.917977799323,15535.771094409341
21726.316210164772,2848.998530479735,27259.60134805783,20906.583165951608,16046.939546593117,17867.87154647083,37528.25346297915,16644.981072016868,19974.52310624124,19682.44604916671,22314.71036506138,15635.852720237084
21514.247367593358,2653.094158421803,26833.637214174647,20269.843538576148,15533.24689593906,16749.89636828587,35895.15021742492,15444.470519486087,20511.58125806172,18553.40827939986,21777.73835117399,14826.115156241072
20005.858618034243,2478.0409415700947,24669.819167551468,19433.23669423293,15374.0848488199,15781.466894974137,33267.68281824398,14373.7338019087,19132.301652997885,17499.782011252664,21210.557387284352,14413.698376944722
18785.689522260345,2177.7146373779365,22172.579865230495,18436.675803792332,14736.342212906471,14481.009260677292,29657.573219941143,13256.314189660585,17319.44578517125,16176.59273853864,18620.650717292792,13544.41651895677
20635.937261406532,2463.0919034649746,25291.120000326973,20383.726471320653,16397.353800498902,16366.432355404453,33877.02863330122,14885.59251820982,19813.962103949478,18477.822888219143,21026.09465854545,15109.83261819721
20594.329229660663,2476.4173580182514,24938.42094860045,20372.880958016638,16875.47832242879,16237.13777374881,34575.88163393357,14621.33096807512,20114.016646722324,18457.445310655683,21326.28147607954,14812.644509415039
20491.639764748295,2495.9579474668317,24078.68998771674,20937.653116491954,17194.927666884952,16368.20625723173,34219.702703084746,14516.244468783358,19539.369552795815,18581.810473591657,21088.014796116153,14862.572449696014
21510.38903962946,2631.893795662496,25779.661991390425,21393.009413627107,17628.2976453678,17324.400873069706,36236.01622332102,14792.809963498508,19866.782031206574,19572.345992824037,22274.37171063839,15674.388235404085
21935.106272367477,2751.9705449338644,27772.19440423927,22132.290041682198,18382.2548948985,17975.755307673087,37747.6029163978,15786.71365538062,21317.626985629326,20460.709563926364,22415.183459473043,15932.728019651051
22591.451018282416,2796.300711654264,27364.924893248262,22736.8181914251,19031.531456564026,18215.37132754006,37190.52097213704,16284.403826315822,21249.127897496142,21592.282133045483,22548.09244476648,16632.007341043725
22232.79199186854,2774.8225853168587,26969.842776499187,22892.972740174773,18966.308041217588,18264.695073610605,36488.78820548904,16460.13564239831,21610.60282370526,21315.331002293187,22528.9972678215,16921.520927227382
21458.62763330199,2554.402963066474,24323.305048618364,21486.50594131522,17888.363022797046,16855.776651462766,33856.26581541706,15242.427518884591,20343.912142425917,20194.274129679605,20783.96712190204,16157.848483149943
21959.49449105862,2605.6587955305044,24972.034896875644,22119.825654919954,18290.70184364717,17454.385143989966,35767.37411404478,16106.686297489474,20558.159166994737,21169.572365374446,21580.300260905024,16566.956849233546
21677.46901167722,2672.4464073617137,26001.885109572842,22725.619208434935,18891.916135702384,17688.65628220279,36044.36974637247,16090.681200900362,21295.088356716635,21275.89103594945,21411.963681262707,16494.400179923105
21645.61063754296,2760.2426605216274,26269.870527899748,23410.67200172249,19054.15066939742,17837.067435386754,36097.696072279694,16626.5319426496,21814.200828312914,21263.75399806006,22080.257032365684,17015.611095898705
22286.495610325022,2788.4120018765075,26537.40510317946,23909.17289941666,19460.991904090522,18031.440708901515,36477.14743435823,16691.943031210223,22105.250352902352,21940.889483432085,23205.460404875274,16889.15632695121
22321.021144339837,2859.427331537183,26506.763121692897,23910.981799379915,19295.58278652829,18317.30882744594,36695.56402689634,16051.68004276675,21738.515894562734,21928.46396677237,23086.646726076437,17060.498435137288
22058.333383898706,2914.1208113203274,27235.007436934073,23860.697363313302,19173.94797345284,17835.849185292813,36288.44531656209,16395.21873315204,21601.370543183344,22391.19019322699,22721.853848370603,17429.62598566772
22308.654922634752,2961.9305858430107,27927.26232176991,24140.15988047923,19581.263603270614,18317.60605885378,37201.42864516188,16733.847359927793,21206.04194984696,23064.932651998162,23269.959206709773,17794.770359182592
24120.39361058699,3103.3648505353735,30366.16725170196,25268.060269658286,20801.072787793164,19181.462216989843,38638.45799619484,17936.01160997551,22280.825402118553,23933.70571236343,24669.06953723562,18634.65791114311
24421.10846199255,3183.911925405264,30758.255953338856,25803.46482966295,21569.235892386332,19135.62104505674,38380.8086202655,18243.29685444997,22819.159071585247,24361.798672952453,24696.20672435037,19050.3580662026
25197.015386913376,3313.897221319584,31616.09567885149,26575.039555570173,21960.117128321803,19725.212637598343,39742.52890112816,18970.301928457855,23891.7076927499,25281.29609151185,25226.272874126455,20039.616071620094
25304.78486958765,3335.4406411328964,31527.663420052195,27569.316439547838,23171.44602058983,20209.35418318154,40601.918692212814,18844.209414554367,24572.401972619013,26441.793511845168,25488.062507746523,20627.908347680626
25427.108784728887,3438.6017024304956,31854.162862782545,27840.485603452224,23983.15569901721,20984.49036859161,41887.38521128167,19109.974028696648,24081.766528940312,26748.88143021757,26173.66400783064,21573.26019159507
25243.51505950069,3456.577369638471,31025.54524687525,27674.68441979901,23719.24183100507,20994.369230053235,42080.188381327884,18717.662792139774,24113.044556231176,26388.31412907064,25626.31649409368,21303.007638716095
26707.610778882678,3647.5979582815307,33591.38777934533,29049.797918319724,24624.874033328848,21789.095885677747,44142.19658235809,20106.876243319017,25687.238344404093,27874.56710225384,27064.814167362343,22776.725008584766
26090.397654143897,3570.8378957514346,33010.9029278399,27957.712106738585,23637.14030832086,21381.955335327424,43499.48807219396,19574.655098572643,25107.64443720283,26980.48616330974,26520.041918024574,21909.89672994341
26809.283857010374,3751.6887823735146,34562.41826657503,28543.90760767545,24677.0669033962,21987.098835978064,44567.26701726416,20233.855303300097,26345.592112806567,28613.668315846513,26842.289895255908,22846.581602135717
28361.556399406698,3943.384888481595,35971.3077496368,29551.479104323105,25662.45618554189,23099.872080257705,46959.51993673626,20514.363846832093,27562.560100390157,29865.40793181841,27828.036350193437,23404.00292961293
28984.10147151619,4049.8335397412807,36517.267009897005,30152.891318323927,25650.789682682367,23878.8512352889,48440.34928187968,21294.751817368222,27448.22063677566,31202.24762228281,28922.183910774027,24180.52611685001
29671.563082704128,4169.332846072086,37172.61443325445,31024.417678944752,26147.723521172968,24881.39562596268,48763.41777081891,21674.048138806997,28123.156662088255,32522.499027664995,29636.14578056522,24572.545992675172
27867.651366832186,4047.6633954234626,35439.76019253978,29658.056397801185,24821.500578552328,24530.117000018516,48717.70486796112,20575.6205744216,26659.805553303227,31930.820930473987,28849.26751720518,23953.72229308399
29387.143587695708,4298.151177414319,37711.156927470234,30517.138651168207,26649.21092307875,25569.40852081029,50456.11804399824,21466.70454781859,27933.803972542286,34350.18854339745,30381.60080312962,25602.74669168062
30119.1012965524,4329.039743334542,38695.799498666136,31095.138226323237,26651.635582357754,26071.923655469243,52087.655279946004,21751.63756224646,28978.76958112646,34205.523125905784,31343.566003392698,26035.193657455206
30516.953078817514,4373.080317881478,39644.78874646363,31924.53009904359,26762.350627883105,26198.360362902542,53308.13811173959,22368.019333279375,29608.310335824655,33986.27053982234,31313.685273362895,25591.492494153044
30861.068302898228,4513.433965821643,40275.817982071225,32505.144657797657,27370.884476202333,26579.369622859333,54743.216478070906,23003.476523978912,30323.36563379309,35527.361455212726,31830.31261571735,26348.845318124888
31618.683687411834,4562.491328326017,41781.70463550938,33733.34722747909,27652.18411206562,27597.484894881658,55987.21855486945,23671.934556245556,32253.61366193341,36773.590673198225,32566.939756799824,27238.250822128983
31510.128122310954,4420.953357326908,39773.869967973595,32719.03923221395,26393.057741066586,26886.310910244116,55018.220873973834,23233.993960034804,31238.589183511263,35708.247178769954,31361.548330742757,26051.4909053409
32441.71983520464,4665.510205646432,41074.46633013397,33881.624984457405,27724.972819623985,27798.44963991997,57276.93353452577,23910.004766273825,32212.016081959493,37181.08745884845,32176.01729359165,27058.987762968045
32784.040802194606,4642.09408854301,39367.376129715165,33250.38708578799,27660.769408295917,27439.69296379838,56951.000373967065,23520.799180523045,31618.53149670724,37088.80773960344,31643.887751205504,26546.725535380418
32783.845444971696,4773.100237625112,40244.61134937809,34011.936384544715,28094.91002149366,28673.41191589618,58020.80169615322,24179.378206022997,31349.729604256838,38767.89859666582,31665.924845774163,28009.51820872279
33516.880036567665,4888.967099956661,39497.17945668044,34651.773975082026,28433.360887019815,29337.702257164885,57985.37555629393,24705.650144921303,31765.547075827853,40465.88254581779,31865.983581243774,29316.10082784615
33438.70265649781,4839.656714812498,39518.98615637496,34230.38381590503,28882.86518458608,29498.623379795517,57238.71261962028,25069.32686725365,31928.79366597952,40526.24855984172,32769.655649059525,29635.69929101801
33287.384481126974,4616.982990226758,37800.453043373964,32756.026963280336,27642.76992631957,28609.742911716,55313.11125292741,24872.108841137644,30187.360983737748,39019.333367406325,31672.969424361298,28484.691037968172
34626.0735465653,4977.803019030783,39276.38270554544,34835.37809926986,28500.532507619104,29453.495505601008,57601.2378601534,26011.257991327577,31633.084651163037,42364.40075058868,33979.0059957174,30488.85728092306
34443.12784889297,4908.5607004085905,38178.02040915227,34032.631783857374,28357.88010521302,29073.367852829007,55614.35079726187,25260.733400241323,31873.385514019716,40899.785313032306,33433.283735517216,29729.371647248925
34428.707273990694,5086.694974574876,39692.14193407408,33952.56925022266,28511.93623813019,29037.082468917142,56636.732053981716,25319.00681564037,32518.826380659728,41135.52339692147,34100.80469651029,29180.724018158595
34842.24986371301,5206.388169831441,38807.59387102592,33621.23437928948,28816.87949124254,29494.754087806665,56002.13073040308,25435.275685907363,32126.594380337603,41964.80742280875,35042.608167520164,30242.973514463905
34023.08928933724,5205.437621314268,38086.43364084397,32899.308021057135,28336.899979815295,28860.345686131503,55104.561364020476,24641.359730417254,31810.042264747444,41919.2371953893,34993.23060349749,29450.979473930274
34641.43915404939,5322.260423112483,38731.768372941086,32819.32692735315,28129.54930305347,29583.44663339402,55770.41352709742,25101.082406388367,31427.72977661299,43065.38358175679,35577.124296602015,29377.473694777196
32371.203816117664,5011.516627741453,36699.14950732456,30715.06686815163,27499.41083625649,28086.98554004025,52668.10198962567,23643.663868559106,29816.21861945927,39777.284534989514,32953.947881979555,27800.264231046247
31795.431515226115,4802.8444402048,34514.39893186421,29533.747088418528,26680.122179977894,27631.651136057415,51408.17546085112,23466.01503253833,28223.146966654513,39152.20010783958,31343.11846295468,27145.737445811996
32879.212800725,5222.338099770738,37236.24964639151,32215.831932726134,27353.89341187717,29996.740565569256,56442.947476213216,26046.845117024382,29718.77354758242,43186.84616688401,32842.557851889156,29577.426713499808
32870.896659998274,5221.601521929327,36936.15555239983,32055.230350657832,27606.31881145237,30112.687233061075,56175.69561657851,25902.236048493873,28424.3704255318,43859.0405376471,33471.24041523475,29585.263798090004
32555.431608296814,5002.073870250076,35527.45835480771,30788.336946747415,27604.66490800012,29996.177036339013,54985.16224255921,25269.049809235607,26866.57795855658,42591.51098211376,32683.074637931273,29070.940856861966
30699.30759505723,4826.265522168924,35214.779626491916,29986.693343018786,26110.677787482582,28103.72099402665,53121.68696277081,24658.48738193738,26121.569736823865,40430.38268088924,31431.86770077895,28001.046660644955
31857.72866159179,4913.599242051398,36343.89917572781,30307.223152365837,26908.468928531296,28772.6328802057,54003.566316267475,24600.936140545455,26207.491404286695,40804.586970000986,31904.527757564847,27901.27927295292
35123.59912059139,5258.351995136649,39108.576232526866,32739.334567255584,28747.791154471946,30810.41990235953,56895.569127714356,26775.146277074495,27829.164313464655,43332.56445630847,33577.640331007984,30488.00489637263
35246.78056360787,5442.407838283652,40461.15112576117,33741.11996605833,29004.41869123816,31388.056288567714,59403.68663220353,27094.309570734873,28929.50412501303,44409.77976489574,35238.51037634538,30726.952041952507
35808.83953566663,5575.084709305864,40453.98481618039,33461.666515656754,28912.326772986227,31943.756151487498,59550.17461938613,27747.500872295135,28016.786998366642,44784.49938569232,35696.15249207533,31513.7415587211
36262.21903085024,5504.709865201302,41866.83156846805,34393.32719835283,29092.71867814213,32393.32201818963,61436.58195856984,28263.00022551429,28369.043736089756,44441.28801849567,35670.6763309858,31660.19331231147
37640.773561680166,5619.206750177185,41778.42286356816,36011.53261309372,29871.24350724155,32947.399020678706,62234.30148631731,28910.275113863427,29325.139653441758,45231.89705257768,35620.2743138479,32951.812063814075
37262.3558539029,5767.632038928684,41965.07495424916,36314.058564554,29887.266928239063,32688.61575392219,61695.243882912655,29194.7120681025,28713.510969085324,46438.705489627384,36722.383470409375,33240.824787611244
37741.60425873271,5815.500345083408,41736.96628760981,36348.52106762352,29521.78422028956,33012.34379509033,63257.85140286332,29275.282922857987,28313.568741157473,46848.1088397262,36628.384605124535,33543.21925714525
37125.54612312405,5705.95328728509,40553.28163226839,35440.33160901984,27763.790379339946,33347.00878004911,62056.26349142398,28146.74811956294,28317.833277586586,45931.26168179232,36943.053840693414,32112.913672544037
39408.98244481307,6209.645926862588,43038.620291228784,36138.42557477136,29337.534579679388,35756.27329089737,68478.3832166524,28195.367660687836,30109.520571360918,47985.00844084187,39684.88281009654,33102.456819133615
39751.01087782048,6092.579772787592,43362.09569877773,36832.72727244439,30336.77970363498,35678.86987085278,67337.32111415219,28901.02595470208,30185.927137923347,48680.911324812674,41086.494435793415,33642.8427248597
40833.04316413734,6254.929569144903,44715.10134286928,36967.27590950704,31639.55123351584,35693.343426488325,68116.03258156689,29231.74010717328,29288.95759765362,51068.78649756337,41841.783640634385,34278.69130053708
42161.8071519449,6588.580361090239,46293.74035289939,38105.84594895131,32612.240726850523,37300.46115995704,71224.48495455523,31157.15561473595,29088.846844424752,53745.627633720935,43227.875327875554,35598.75567912262
41952.20956455642,6597.044772402193,46033.690314656465,38333.845457983334,32280.01299199134,36872.71884170956,70042.28232736741,31868.001524005093,29136.185082749915,54463.5437384886,42330.11866970192,35903.22499122014
41319.15525930888,6680.518373297322,46120.48757596,39217.52342882087,30656.439015672062,37785.828040578046,71638.92403907629,32234.912696153977,28518.11562207626,55661.62595435532,42603.1047374352,37403.02605405511
42098.42089590494,6962.331897571342,47024.835403722725,39736.546867160505,30092.818771032296,38798.081302094135,72951.83380221264,33094.366331232115,27659.27980920996,57961.47382446244,43330.05338047592,37672.04138499011
43600.0607879411,7050.748017294979,47408.71528591622,40683.29292896112,30784.217752263216,39591.57445698282,73126.93178949118,33138.4155928036,27544.753305846087,57356.92510914747,44373.02410955743,38193.34566978823
43282.7634296571,7109.84286461575,47450.23067524762,41058.95880534661,30637.640195471868,40917.96529144599,73362.09459469061,33101.67361020173,28544.774890398956,57723.95010233231,45711.50775882806,38060.12466615614
42854.22213174696,7023.9403353015305,46268.06246277497,40855.17785784768,30228.07236965248,40978.480414850696,73650.07010837075,33189.25611953143,27719.27985483952,58322.60366502525,44747.549291857875,38640.802813393806
43406.448184416484,7229.355870627484,48180.77413657225,42423.61821726591,32403.078136040076,42757.507034202456,76989.0258776356,34171.6031464251,29334.464926328994,58699.99715031287,47218.49792184311,40235.5092814954
44277.32878515683,7311.316652530974,48235.36536609347,44083.01303043452,33478.82574138676,44856.83517570014,78365.79091994422,36112.03980791425,29256.402507867693,61488.76246814514,47570.61675471488,41657.74822619393
45541.87681901321,7393.147310622642,49112.26462150038,46129.13345571909,35235.603215635136,46148.68116880064,81078.01702524141,38489.1716814046,29857.96409045178,62517.04405661282,49795.25554156941,43287.8112471215
46349.79417916684,7346.118362336094,50572.07306704026,46864.85266946506,36513.80575297567,46872.658679728585,83515.75983126748,38385.9173991471,31073.823969254285,61948.502980023266,50277.21750965512,43092.867940848555
48565.427583901524,7782.52322668069,52525.62406188065,48337.68866625565,38848.04922101937,49488.78712406413,88089.24682763897,39449.205485952,33669.0029786438,65776.88299748227,53462.85268318084,44804.22170952374
46104.98794620386,7636.83965257249,49426.34559196058,44854.31140780211,37192.78689378727,48815.1769834469,85616.91473683508,37319.46241045117,32143.194497207678,65087.54036027546,51520.884434037434,42817.99058095001
45067.01870506629,7389.0510874993715,49234.390162390584,43973.7692498439,37491.51153774178,48091.095912254685,85186.80250163643,36621.11155896083,32112.162326960468,65650.69324411346,50243.29927780609,41695.143244709165
46891.01772399164,7356.046082974667,49440.579998499175,44245.41487489766,37922.10421960293,47620.19739964931,82048.1227164074,36676.5410922093,33982.90677114281,63926.29854611401,49960.074473472436,42078.3099327807
45787.590856278264,7326.947330811794,48368.97907160292,44189.01037289078,38938.453082276756,48750.297534619414,83380.83904703255,36029.470237848145,34347.44272116324,65243.540749329375,49843.44055134522,41574.88701349093
45205.30680003272,7130.260928353752,48481.584697358456,44719.19709048283,39015.126896567956,47103.44042304444,81057.72526130626,36547.09767782841,35246.02561114866,64773.11152344864,48054.47673417071,42104.82531764316
47104.02936362316,7601.606759435909,50429.60980464824,47132.31223916002,41961.023489052284,47700.261876577264,84490.43626877703,38761.96684064263,37040.43756615521,67336.39132312048,50402.61681488362,44327.151340958575
48008.417423546634,7471.781098613628,51030.82779766363,46133.57617025351,43063.886100294105,48827.81114355372,83794.79891847156,38985.21338856044,38176.06967590877,69876.17283514558,50707.4309368356,45504.37911060309
48027.1958058328,7769.420607302601,51809.849323733775,46643.62834033514,43696.42213768583,50681.753142797636,88056.63069320763,39569.75269134873,38380.86599339906,71115.7057643835,51129.23292160205,45711.18744653029
44289.19712424313,7035.358208860588,47923.6533469095,44951.82472669788,38824.56934699434,45474.094410700505,77239.83953188224,37638.2176361356,35640.01911595975,65714.85134122342,49024.72772967768,45266.64916154327
45100.02513365112,7350.617878500578,49162.83355875828,46650.317037254164,41780.86605644205,47137.68370998267,80404.68620079616,37784.95364654713,33591.42722525159,68341.49786899643,52133.33143177428,48041.641415327154
38347.77974600002,6558.351575138148,44591.52074199965,42775.89323649986,38198.087125900354,43462.21551521674,72947.16718605555,35273.36427453221,30347.784268405827,61628.91803574337,46649.703175264236,43510.95025955824
42188.35520395919,7279.657236410018,48988.389382761874,46002.3224704671,40958.07718689658,47568.78779807046,79550.40987438953,37430.16479192969,34260.878358896814,66560.31947959894,50210.455994452655,47403.58487224096
41896.45610956903,7458.852304936894,51349.40256662791,47768.02117929628,42305.39486709764,49810.68624101042,82144.1572084353,37821.954208495685,34553.125179029375,69668.40556445753,51136.8048635353,47464.39902304098
42228.70258395741,7481.658577825995,53324.39203520217,49028.59563859503,42883.48579804979,49243.710990133935,81204.62963624633,38412.9851449646,35302.90174631467,69746.70040034037,50273.78110389784,48666.65952509702
42607.15040284329,7878.38751742281,54710.32346114138,50936.21742922836,42821.1458136781,51357.80194511105,84201.07098276465,38366.662478637365,35867.35666223031,75890.09801555304,53116.71938585414,48986.17448474582
38958.51619938864,7505.871703276832,51912.854951096706,48337.754655132325,40329.51604049071,49757.12310469675,79741.32651688532,35553.91861326792,33297.0648664872,70915.00732818269,49935.88056392721,47123.19673339661
41464.688269501356,8209.504303747934,55994.25551085031,51956.199233949075,42730.58466849545,53244.119880257145,85927.3908277569,37757.68178496452,35502.156879352406,75602.05039367298,54161.4682145594,50180.426903688036
43542.97665006708,8419.095314712387,56057.131717423006,50953.25876155709,43652.712062851286,54203.579214212805,87402.4949092279,37763.917946830145,35289.51197608564,76165.63396085045,54823.90469281952,50114.02069294637
40875.07859113407,8426.944083297336,54186.51300312065,49816.410870845524,43368.778405687335,54378.52583582541,86486.66050756376,35081.82648921961,34993.220214137036,74205.30269719605,53559.56966630631,46559.445172112326
41061.27542170265,8424.201034810865,55442.889702796456,51549.35645675849,45188.202196551974,55550.92063597904,88169.75000191909,36487.628680503854,36742.38158681234,73883.90548765448,56082.715264556,46973.376989256416
42249.91289449373,8273.819868826904,55371.614746700645,52322.00948383015,46264.775784729965,55408.84767357954,86890.0269685865,37846.74478780854,36035.49733355979,74513.37035040067,57696.560629560794,49022.61903268745
45192.60456572915,8548.920771753073,57894.58968188729,53737.2392299655,47022.49852285425,56994.808275618874,89874.04127551753,39727.082113704884,38897.794877655346,81219.7931792821,59744.07959699153,51689.94272376103
46341.27191421473,8576.189722651789,58763.14414761334,55911.15414301197,48844.507648055005,57567.998871558164,90932.36854485853,40090.69439564343,41295.003842180406,83007.01229785157,62022.47928982825,52890.160042927164
